date,XS_Mean,XS_Std_dev,perc_25,perc_75,IQR,Max,Min,RF,recession
01-Jan-1960,12.87,7.49,7.47,16.92,9.45,22.51,0.81,3.1,-100
01-Feb-1960,12.69,8.29,6.52,16.55,10.04,24.34,0.23,3.21,-100
01-Mar-1960,10.84,6.52,5.4,15.81,10.42,16.28,0.57,3.34,-100
01-Apr-1960,10.84,6.8,6.16,15.54,9.37,15.96,-0.02,3.33,-100
01-May-1960,10.01,6.98,3.7,15.24,11.55,15.9,-0.73,3.38,100
01-Jun-1960,10.64,7.22,5.98,15.19,9.21,15.85,-1.55,3.37,100
01-Jul-1960,9.51,6.98,2.63,15.13,12.51,15.79,-0.8,3.25,100
01-Aug-1960,10.38,7.63,5.73,15.53,9.8,15.91,-2.79,3.23,100
01-Sep-1960,10.73,7.89,5.59,15.48,9.88,19.15,-2.4,3.07,100
01-Oct-1960,10.58,6.67,5.54,15.42,9.88,15.76,0.15,2.99,100
01-Nov-1960,9.07,6.53,2.3,14.94,12.64,15.58,0.19,2.86,100
01-Dec-1960,9.4,6.28,4.05,14.9,10.85,15.53,0.16,2.67,100
01-Jan-1961,9.89,6.99,4.34,14.89,10.56,15.53,-1.44,2.53,100
01-Feb-1961,9.88,6.63,4.34,14.91,10.57,15.53,-0.54,2.38,100
01-Mar-1961,9.62,5.75,5,14.93,9.93,15.56,1.17,2.22,-100
01-Apr-1961,9.92,5.43,5.49,14.97,9.48,15.59,1.87,2.2,-100
01-May-1961,9.55,5.63,4.33,15.01,10.68,15.62,2.09,2.11,-100
01-Jun-1961,9.36,5.75,3.42,15.02,11.6,15.63,2.39,2.07,-100
01-Jul-1961,10.13,5.83,4.88,15.05,10.17,15.65,1.34,2.12,-100
01-Aug-1961,11.15,6.09,5.36,15.47,10.11,18.24,2.42,2.09,-100
01-Sep-1961,10.97,6.06,5.18,15.51,10.33,17.19,2.2,2.1,-100
01-Oct-1961,11.09,5.35,6.11,15.39,9.28,15.76,2.97,2.07,-100
01-Nov-1961,12.04,5.85,6.95,15.61,8.65,20.65,3.46,2.09,-100
01-Dec-1961,10.22,6.9,3.02,15.44,12.42,22.11,2.92,2.12,-100
01-Jan-1962,8.69,7.72,1.11,15.34,14.23,21.45,-0.22,2.17,-100
01-Feb-1962,7.8,7.1,0.64,14.92,14.29,15.82,-0.08,2.23,-100
01-Mar-1962,7.4,7.17,0.81,14.32,13.5,15.8,-2.24,2.23,-100
01-Apr-1962,7.42,7.53,0.95,14.72,13.76,15.75,-3.97,2.28,-100
01-May-1962,5.23,8.8,0.39,14.23,13.84,15.68,-9.11,2.34,-100
01-Jun-1962,7.23,7.6,0.89,14.3,13.41,15.6,-6.13,2.34,-100
01-Jul-1962,7.68,7.96,0.79,15.05,14.26,17.7,-5.41,2.44,-100
01-Aug-1962,7.08,7.25,0.8,14.03,13.23,15.45,-4.9,2.53,-100
01-Sep-1962,6.9,7.74,0.91,14.06,13.16,15.37,-7.31,2.57,-100
01-Oct-1962,6.2,7.37,1.1,13.89,12.78,15.28,-6.65,2.63,-100
01-Nov-1962,6.33,7.49,0.95,13.82,12.87,15.21,-7.38,2.68,-100
01-Dec-1962,5.81,7.51,1.34,12.43,11.09,15.14,-10.21,2.72,-100
01-Jan-1963,5.65,8.18,0.88,13.71,12.83,15.09,-10.77,2.73,-100
01-Feb-1963,6.37,7.72,0.82,13.65,12.83,15.02,-8.22,2.76,-100
01-Mar-1963,6.58,8.07,0.89,14.06,13.17,14.97,-8.95,2.8,-100
01-Apr-1963,5.97,7.77,0.83,13.59,12.76,14.95,-8.91,2.83,-100
01-May-1963,6.01,7.3,0.84,13.59,12.75,14.96,-6.51,2.83,-100
01-Jun-1963,7.43,6.8,1.02,14.18,13.16,15,-1.77,2.86,-100
01-Jul-1963,8.61,6.24,2.11,14.56,12.45,16.67,0.94,2.86,-100
01-Aug-1963,8.82,6.85,1.95,14.59,12.64,19.97,0.86,2.88,-100
01-Sep-1963,8.78,7.22,1.72,14.62,12.91,21.09,0.7,2.94,-100
01-Oct-1963,7.63,5.92,1.81,13.75,11.93,15.12,0.64,2.98,-100
01-Nov-1963,8.95,6.56,2.1,14.68,12.58,18.52,0.75,3.05,-100
01-Dec-1963,8.12,7.39,2.05,14.54,12.49,23.63,0.61,3.11,-100
01-Jan-1964,8.38,7.44,0.77,14.69,13.92,20.25,0.24,3.16,-100
01-Feb-1964,8.61,7.42,0.85,14.96,14.12,17.56,-1.64,3.2,-100
01-Mar-1964,8.49,7.48,0.76,14.97,14.22,17.3,-2.16,3.28,-100
01-Apr-1964,9.23,8.42,0.74,14.97,14.23,23.24,-1.53,3.32,-100
01-May-1964,7.81,7.37,0.76,14.64,13.88,17.24,-3.91,3.34,-100
01-Jun-1964,8.54,8.45,0.88,14.97,14.09,22.51,-4.82,3.41,-100
01-Jul-1964,8.28,8.05,0.75,14.69,13.94,20.59,-4.36,3.44,-100
01-Aug-1964,8.37,7.65,0.83,14.98,14.14,17.97,-3.05,3.47,-100
01-Sep-1964,8.11,7.71,0.85,14.98,14.14,17.18,-4.36,3.48,-100
01-Oct-1964,8.12,8.16,0.85,14.95,14.1,19.72,-5.61,3.48,-100
01-Nov-1964,8.06,7.97,0.81,14.95,14.14,18.58,-5.28,3.51,-100
01-Dec-1964,7.4,6.8,1.41,14.21,12.81,15.48,-4.67,3.53,-100
01-Jan-1965,8.61,8.17,0.98,14.82,13.84,22.53,-5.43,3.51,-100
01-Feb-1965,8.04,7.76,0.96,14.62,13.65,17.59,-6.92,3.55,-100
01-Mar-1965,7.98,7.77,1.04,14.61,13.57,17.55,-7.35,3.6,-100
01-Apr-1965,7.88,7.91,1.02,14.61,13.59,18.13,-8.12,3.62,-100
01-May-1965,5.44,9.05,0.58,12.58,11.99,15.16,-12.16,3.67,-100
01-Jun-1965,7.61,7.71,1.32,14.58,13.26,15.89,-8.91,3.72,-100
01-Jul-1965,7.06,7.09,1.37,12.51,11.14,15.12,-8.06,3.73,-100
01-Aug-1965,6.74,7.4,1.28,12.49,11.21,15.1,-9.79,3.78,-100
01-Sep-1965,7.17,7.51,1.09,14.38,13.29,15.09,-8.78,3.82,-100
01-Oct-1965,7.11,7.71,0.98,14.52,13.54,15.35,-9.29,3.84,-100
01-Nov-1965,6.67,7.56,0.95,12.45,11.51,15.08,-9.98,3.9,-100
01-Dec-1965,6.66,7.64,1.1,13.78,12.68,18.08,-9.85,3.92,-100
01-Jan-1966,7.18,7.74,0.84,14.51,13.67,16.83,-8.47,4.02,-100
01-Feb-1966,6.72,7.69,0.6,13.54,12.94,15.04,-9.66,4.07,-100
01-Mar-1966,6.62,7.45,1.19,12.41,11.22,15.02,-9.78,4.09,-100
01-Apr-1966,6.87,7.72,1.01,14.45,13.45,15.46,-9.38,4.13,-100
01-May-1966,6.73,7.58,1.34,14,12.66,14.97,-9.69,4.23,-100
01-Jun-1966,6.03,7.43,1.26,12.34,11.08,14.95,-10.36,4.26,-100
01-Jul-1966,6.65,7.02,1.23,13.02,11.79,14.92,-6.93,4.3,-100
01-Aug-1966,6.85,7.23,1.31,14.32,13.02,15.63,-6.67,4.39,-100
01-Sep-1966,5.62,7.93,1.14,14.2,13.05,14.8,-7.89,4.48,-100
01-Oct-1966,5.06,8.49,0.34,13.42,13.08,14.74,-10.64,4.63,-100
01-Nov-1966,4.16,9.61,-0.05,12.23,12.27,14.68,-16.99,4.68,-100
01-Dec-1966,2.65,9.33,-1.04,10.34,11.38,14.63,-16.21,4.75,-100
01-Jan-1967,2.55,9.75,-3.24,11.36,14.6,14.59,-15.16,4.8,-100
01-Feb-1967,2.37,9.74,-3.75,11.32,15.07,14.55,-13.4,4.81,-100
01-Mar-1967,2.7,9.21,-3.88,11.28,15.16,14.53,-10.69,4.82,-100
01-Apr-1967,3.15,8.55,-3.66,11.25,14.91,14.51,-9.91,4.8,-100
01-May-1967,3.09,8.59,-3.44,11.23,14.67,14.5,-8.74,4.72,-100
01-Jun-1967,3.94,7.55,-2.84,11.22,14.05,14.49,-5.46,4.6,-100
01-Jul-1967,4.44,7.12,-0.57,11.2,11.78,14.5,-4.65,4.56,-100
01-Aug-1967,4.8,6.94,-0.73,11.19,11.92,14.53,-4.15,4.46,-100
01-Sep-1967,6.06,6.34,-0.21,11.2,11.41,14.57,-0.81,4.38,-100
01-Oct-1967,6.15,5.98,0.27,11.23,10.95,14.59,-1.11,4.31,-100
01-Nov-1967,6.72,5.95,1.42,11.58,10.16,14.6,-1.04,4.27,-100
01-Dec-1967,6.08,5.96,0.32,11.9,11.58,14.63,-1.1,4.2,-100
01-Jan-1968,6.76,6.36,0.32,14.13,13.81,14.62,-0.89,4.17,-100
01-Feb-1968,6.86,7,-0.27,14.12,14.39,18.36,-1.36,4.2,-100
01-Mar-1968,6.62,7.33,-0.4,14.1,14.49,18.52,-2.92,4.19,-100
01-Apr-1968,6.12,7.13,-0.58,14.09,14.67,14.56,-3.83,4.3,-100
01-May-1968,5.81,7.09,-0.75,12.25,13,14.56,-4.38,4.43,-100
01-Jun-1968,5.69,7.14,-0.6,11.81,12.41,14.56,-4.97,4.59,-100
01-Jul-1968,5.93,6.83,-0.34,12.05,12.39,14.55,-3.93,4.77,-100
01-Aug-1968,5.84,6.92,-0.3,11.81,12.1,14.53,-4.49,4.89,-100
01-Sep-1968,5.59,6.99,-0.44,11.16,11.6,14.52,-5,5,-100
01-Oct-1968,5.64,7.27,-0.61,12.42,13.03,14.53,-5.41,5.05,-100
01-Nov-1968,5.42,7.04,-0.81,11.14,11.95,14.54,-4.97,5.12,-100
01-Dec-1968,5.64,6.6,-1,12.55,13.56,14.54,-2.93,5.22,-100
01-Jan-1969,6.07,7.5,-1.14,14.1,15.24,16.67,-4.05,5.36,-100
01-Feb-1969,6.09,7.31,-1.21,14.1,15.32,15.79,-3.42,5.43,-100
01-Mar-1969,6.6,6.88,-0.75,14.11,14.86,16.37,-1.35,5.51,-100
01-Apr-1969,6.64,6.47,0.46,13.94,13.48,14.55,-1.3,5.62,-100
01-May-1969,5.86,7.04,-1.65,12.64,14.3,14.53,-2.75,5.65,-100
01-Jun-1969,5.73,7.2,-1.66,12.91,14.57,14.5,-3.56,5.74,-100
01-Jul-1969,5.52,7.26,-1.31,12.8,14.11,14.46,-4.45,5.79,-100
01-Aug-1969,5.4,7.07,-1.4,12.45,13.85,14.42,-3.87,5.87,-100
01-Sep-1969,5.28,6.83,-2.07,12.07,14.15,14.37,-2.41,6.07,-100
01-Oct-1969,4.91,6.87,-1.52,11.5,13.02,14.33,-3.74,6.24,-100
01-Nov-1969,4.39,7.06,-1.87,10.9,12.77,14.27,-4.56,6.35,-100
01-Dec-1969,3.91,6.72,-1.8,10.44,12.24,14.21,-5.06,6.57,-100
01-Jan-1970,3.46,7.4,-2.71,10.8,13.52,14.14,-5.33,6.64,100
01-Feb-1970,3.85,6.88,-1.83,10.75,12.59,14.09,-5.39,6.81,100
01-Mar-1970,3.67,6.93,-2.09,10.7,12.78,14.04,-6.71,6.93,100
01-Apr-1970,3.62,6.96,-1.27,10.65,11.92,13.96,-7.98,6.9,100
01-May-1970,3.33,7.25,-1.06,10.59,11.66,13.88,-10.58,6.95,100
01-Jun-1970,2.68,8.02,-2.48,10.52,13,13.8,-14.88,7.03,100
01-Jul-1970,2.97,8.11,-0.09,10.45,10.54,13.74,-16.76,7.02,100
01-Aug-1970,3.18,8.19,-0.47,10.38,10.86,13.68,-17.2,7.05,100
01-Sep-1970,3.23,8.16,-0.73,10.32,11.06,13.63,-16.79,6.96,100
01-Oct-1970,2.98,8.52,-1.41,10.27,11.68,13.57,-18.23,6.81,100
01-Nov-1970,3.16,8.28,-1.76,10.23,11.99,13.53,-17.06,6.75,100
01-Dec-1970,3.06,7.89,-1.42,9.5,10.92,13.5,-17.38,6.52,-100
01-Jan-1971,3.57,8.53,-1.91,10.15,12.06,13.5,-17.04,6.28,-100
01-Feb-1971,3.85,8.2,-2.03,10.65,12.68,13.49,-14.61,5.98,-100
01-Mar-1971,4.86,7.4,-0.32,11.43,11.75,13.5,-10.55,5.69,-100
01-Apr-1971,4.73,7.43,-1.01,11.86,12.87,13.54,-9.95,5.46,-100
01-May-1971,5.14,7.37,-1.21,12.12,13.33,13.59,-8.26,5.21,-100
01-Jun-1971,6.19,7.71,-1.38,13.37,14.75,14.54,-6,4.99,-100
01-Jul-1971,6.55,7.45,-0.93,13.41,14.34,15.03,-3.88,4.86,-100
01-Aug-1971,6.94,7.14,-0.39,13.44,13.82,15.25,-3.11,4.8,-100
01-Sep-1971,7.02,6.72,-0.07,13.46,13.52,14.33,-1.89,4.62,-100
01-Oct-1971,6.88,6.28,0.22,12.48,12.27,13.75,-1.56,4.53,-100
01-Nov-1971,6.96,6.03,0.46,12.02,11.55,13.76,-1.45,4.44,-100
01-Dec-1971,6.55,5.78,0.85,12.21,11.36,13.77,-1.49,4.39,-100
01-Jan-1972,6.62,5.88,0.3,12.21,11.91,13.77,-1.74,4.29,-100
01-Feb-1972,6.41,5.78,0.38,12.22,11.84,13.77,-1.69,4.21,-100
01-Mar-1972,6.19,5.71,1.11,11.97,10.86,13.77,-1.77,4.18,-100
01-Apr-1972,6.08,5.67,1.85,11.95,10.09,13.76,-1.76,4.19,-100
01-May-1972,5.97,5.62,1.48,11.96,10.48,13.76,-1.59,4.2,-100
01-Jun-1972,6.14,5.6,1.68,12.06,10.38,13.75,-1.65,4.12,-100
01-Jul-1972,6.41,5.56,1.97,12.35,10.38,13.76,-1.55,4.02,-100
01-Aug-1972,6.41,5.68,2.08,12.4,10.32,13.75,-1.89,3.84,-100
01-Sep-1972,6.61,5.69,2.38,12.28,9.9,13.75,-1.92,3.8,-100
01-Oct-1972,6.48,5.62,2.05,12.04,9.99,13.76,-1.73,3.84,-100
01-Nov-1972,6.67,5.62,2.31,11.54,9.23,13.79,-1.66,3.84,-100
01-Dec-1972,6.52,5.54,2.6,10.74,8.15,13.79,-1.77,3.84,-100
01-Jan-1973,6.62,5.62,2.16,10.3,8.14,13.79,-1.85,3.99,-100
01-Feb-1973,6.33,5.54,1.58,10.31,8.73,13.77,-1.78,4.16,-100
01-Mar-1973,6.21,5.49,1.34,10.3,8.96,13.74,-1.74,4.35,-100
01-Apr-1973,6.02,5.42,1.02,10.29,9.26,13.71,-1.57,4.59,-100
01-May-1973,5.85,5.39,0.88,10.27,9.39,13.66,-1.62,4.81,-100
01-Jun-1973,5.86,5.28,1.01,10.25,9.24,13.62,-1.45,5.04,-100
01-Jul-1973,5.59,5.4,0.94,10.22,9.28,13.6,-1.86,5.39,-100
01-Aug-1973,5.63,5.29,1.03,10.19,9.17,13.55,-1.5,5.82,-100
01-Sep-1973,5.32,5.25,0.53,10.16,9.63,13.53,-1.1,6.18,-100
01-Oct-1973,5.33,5.23,0.71,10.13,9.42,13.5,-0.94,6.44,-100
01-Nov-1973,5.37,5.12,1,10.11,9.1,13.43,-0.53,6.64,-100
01-Dec-1973,4.9,4.79,1.17,7.6,6.43,13.37,-0.33,6.93,100
01-Jan-1974,3.6,6.2,-0.21,10,10.21,13.31,-4.42,7.13,100
01-Feb-1974,2.47,7.88,-0.28,9.95,10.22,13.26,-11.52,7.31,100
01-Mar-1974,1.09,10.13,-0.36,9.89,10.25,13.21,-19.22,7.42,100
01-Apr-1974,0.83,10.52,-0.67,9.84,10.52,13.16,-20.53,7.67,100
01-May-1974,0.11,12.13,-0.26,9.79,10.05,13.1,-25.62,7.92,100
01-Jun-1974,0.68,10.79,-0.27,9.74,10.01,13.04,-21.47,8.02,100
01-Jul-1974,0.59,11.49,0,9.69,9.69,12.97,-23.66,8.08,100
01-Aug-1974,-0.29,13.58,0,9.62,9.62,12.88,-29.99,7.98,100
01-Sep-1974,-0.69,14.97,-2.24,9.55,11.79,12.78,-33.85,8.12,100
01-Oct-1974,-0.95,15.31,-3.01,9.47,12.48,12.7,-34.81,7.97,100
01-Nov-1974,0.14,12.3,-3.49,9.38,12.87,12.62,-25.76,7.94,100
01-Dec-1974,1.04,11.63,-2.07,7.64,9.7,12.55,-25.53,8.01,100
01-Jan-1975,-0.22,13.34,-4.08,9.24,13.31,12.49,-28.58,7.96,100
01-Feb-1975,-0.05,12.43,-4.29,9.17,13.46,12.44,-25.72,7.79,100
01-Mar-1975,0.97,10.02,-4.29,9.13,13.42,12.4,-17.58,7.63,100
01-Apr-1975,0.45,10.93,-4.33,10.26,14.59,12.38,-20.44,7.3,-100
01-May-1975,-0.56,13.39,-4.21,11.47,15.69,12.37,-28.14,6.97,-100
01-Jun-1975,-0.64,13.94,-3.74,11.92,15.67,12.48,-29.6,6.77,-100
01-Jul-1975,0.13,12.31,-3.29,11.94,15.23,12.84,-24.36,6.54,-100
01-Aug-1975,0.8,12.05,-2.67,11.97,14.64,13.65,-23.08,6.41,-100
01-Sep-1975,1.27,11.5,-2.15,12.02,14.18,13.97,-21.06,6.11,-100
01-Oct-1975,1.89,11.21,-1.52,12.05,13.57,14.17,-19.61,6.17,-100
01-Nov-1975,3.18,8.91,-1.19,12.09,13.28,14.59,-11.39,6.03,-100
01-Dec-1975,3.95,7.6,-0.11,11.45,11.55,14.83,-9.96,5.8,-100
01-Jan-1976,4.32,7.79,0,12.39,12.39,14.88,-7.74,5.68,-100
01-Feb-1976,4.44,7.24,0,12.21,12.21,14.76,-6.12,5.59,-100
01-Mar-1976,5.32,5.85,0.29,12.24,11.94,14.61,-0.53,5.58,-100
01-Apr-1976,5.63,5.52,0.88,12.25,11.37,14.49,-0.41,5.56,-100
01-May-1976,5.49,5.58,0.79,12.26,11.47,14.28,-0.5,5.48,-100
01-Jun-1976,5.48,5.47,0.93,12.26,11.34,14.1,-0.31,5.5,-100
01-Jul-1976,5.88,5.4,0.65,12.28,11.63,14.23,-0.36,5.49,-100
01-Aug-1976,5.25,5.67,0.94,12.3,11.36,14.36,-0.04,5.43,-100
01-Sep-1976,5.12,5.98,0,12.33,12.33,14.43,-1.06,5.34,-100
01-Oct-1976,5.48,5.73,0.29,12.35,12.05,14.59,0.06,5.18,-100
01-Nov-1976,5.67,5.51,0.83,12.36,11.53,14.71,0.26,5.17,-100
01-Dec-1976,6.3,4.79,2.18,10.84,8.66,14.86,0.29,5.08,-100
01-Jan-1977,6.55,5.14,1.34,12.37,11.03,14.97,0.42,4.97,-100
01-Feb-1977,6.64,5.17,1.63,12.36,10.73,15.21,0.36,4.98,-100
01-Mar-1977,7.14,5.48,1.76,12.34,10.58,15.59,0.23,4.96,-100
01-Apr-1977,6.36,5.26,1.95,12.33,10.37,16,0.09,4.92,-100
01-May-1977,6.42,5.3,2.1,12.31,10.21,16.36,-0.05,4.92,-100
01-Jun-1977,6.52,5.32,2.3,12.3,10,16.77,-0.18,4.89,-100
01-Jul-1977,6,5.59,2.04,12.28,10.24,17.09,-0.36,4.83,-100
01-Aug-1977,6.2,5.52,2.46,12.26,9.8,17.31,-0.55,4.85,-100
01-Sep-1977,6.39,5.5,2.52,12.24,9.71,17.47,-0.87,4.84,-100
01-Oct-1977,6.31,5.55,2.62,12.21,9.59,17.44,-1.18,4.93,-100
01-Nov-1977,6.29,5.57,2.69,12.19,9.5,17.36,-1.52,5.03,-100
01-Dec-1977,6.21,5.23,3.08,10.61,7.54,17.27,-2.03,5.13,-100
01-Jan-1978,6.25,5.64,2.88,12.12,9.24,17.18,-2.5,5.26,-100
01-Feb-1978,5.97,5.75,2.43,12.09,9.66,17.06,-2.95,5.38,-100
01-Mar-1978,5.73,5.89,2.03,12.07,10.04,16.97,-3.28,5.54,-100
01-Apr-1978,5.66,5.92,1.72,12.06,10.34,16.74,-3.53,5.7,-100
01-May-1978,5.55,5.99,1.59,12.05,10.46,16.55,-3.64,5.85,-100
01-Jun-1978,5.46,6,1.79,12.03,10.24,16.28,-3.64,6,-100
01-Jul-1978,5.33,6.04,1.35,12.03,10.68,16,-3.6,6.15,-100
01-Aug-1978,5.19,6.07,1.19,12.04,10.85,15.6,-3.6,6.27,-100
01-Sep-1978,5.04,6.15,-0.03,12.05,12.08,15.02,-3.36,6.47,-100
01-Oct-1978,4.95,6.2,-0.54,12.04,12.58,14.51,-3.14,6.68,-100
01-Nov-1978,5.06,6.16,0,12.03,12.03,13.86,-2.99,6.89,-100
01-Dec-1978,4.95,5.8,-0.03,10.87,10.9,13,-2.77,7.2,-100
01-Jan-1979,4.9,6.04,0,12.04,12.04,12.56,-2.39,7.5,-100
01-Feb-1979,5.09,5.9,0,11.53,11.53,12.57,-1.89,7.78,-100
01-Mar-1979,6.4,5.22,1.18,12.06,10.88,12.58,-1.4,8.08,-100
01-Apr-1979,6.51,5.27,1.17,12.06,10.88,12.58,-0.96,8.36,-100
01-May-1979,6.43,4.94,0.98,11.53,10.55,12.57,-0.51,8.7,-100
01-Jun-1979,5.55,4.87,0.99,10.37,9.37,12.57,-0.2,8.99,-100
01-Jul-1979,5.37,4.95,1,10.48,9.49,12.57,0.06,9.22,-100
01-Aug-1979,5.41,4.89,1.04,10.8,9.76,12.56,0.09,9.45,-100
01-Sep-1979,4.82,5.13,0.29,9.22,8.93,12.56,-0.88,9.67,-100
01-Oct-1979,4.6,5.29,0.1,9.4,9.29,12.56,-1.48,9.88,-100
01-Nov-1979,4.82,5.22,0.1,10.42,10.32,12.58,-0.9,10.2,-100
01-Dec-1979,5.74,4.6,1.96,10.41,8.46,12.59,-0.13,10.38,-100
01-Jan-1980,5.3,5.12,0.88,11.83,10.95,12.6,-0.93,10.42,-100
01-Feb-1980,5.33,5.6,0.29,10.89,10.6,12.62,-2.62,10.59,100
01-Mar-1980,5.35,5.31,0.38,11.54,11.16,12.61,-1.6,11.03,100
01-Apr-1980,5.91,4.94,0.57,11.23,10.66,12.6,-0.72,11.54,100
01-May-1980,5.43,4.92,0.56,10.89,10.33,12.6,-0.26,11.53,100
01-Jun-1980,5.4,5.04,0.46,11.77,11.31,12.61,0.15,11.3,100
01-Jul-1980,5.35,5.19,0.5,11.46,10.96,12.62,-0.91,11.04,100
01-Aug-1980,4.91,5.47,0.45,11.43,10.98,12.63,-1.97,10.9,-100
01-Sep-1980,4.71,5.53,-0.21,10.5,10.7,12.64,-2.52,10.81,-100
01-Oct-1980,4.4,5.8,-0.55,10.48,11.03,12.67,-3.31,10.9,-100
01-Nov-1980,4.66,6.02,0.08,11.83,11.76,12.71,-3.85,10.86,-100
01-Dec-1980,5,5.59,-0.1,10.51,10.61,12.74,-3.57,11.26,-100
01-Jan-1981,4.85,6.07,-1.14,11.47,12.6,12.75,-3.99,11.52,-100
01-Feb-1981,4.82,6.23,-1.64,10.92,12.55,12.77,-4.69,11.72,-100
01-Mar-1981,4.67,6.14,-1.32,10.1,11.42,12.82,-4.71,11.72,-100
01-Apr-1981,4.76,6.72,-1.52,12.46,13.98,13.05,-5.74,11.52,-100
01-May-1981,5.46,7.07,-2.16,12.49,14.65,13.81,-5,11.9,-100
01-Jun-1981,5.02,7.18,-2.45,12.51,14.96,12.9,-5.55,12.72,-100
01-Jul-1981,4.44,7.21,-2.83,11.19,14.02,12.91,-7.14,13.52,-100
01-Aug-1981,3.92,7.41,-3.5,10.19,13.69,12.9,-8.52,14.24,100
01-Sep-1981,3.45,7.2,-2.65,9.56,12.21,12.87,-9.21,14.8,100
01-Oct-1981,3.26,6.96,-1.56,9.09,10.64,12.86,-9.24,15.09,100
01-Nov-1981,2.97,6.82,-1.97,8.66,10.62,12.83,-8.19,15.22,100
01-Dec-1981,2.71,6.8,-3.39,8.09,11.48,12.81,-6.69,14.72,100
01-Jan-1982,1.15,8.93,-5.15,8.58,13.73,12.78,-13.73,14.44,100
01-Feb-1982,2.47,6.96,-4.82,8.54,13.36,12.75,-5.05,14.28,100
01-Mar-1982,3.09,6.48,-0.76,9.23,9.99,12.71,-5.19,14.02,100
01-Apr-1982,2.59,6.71,-3.04,8.45,11.49,12.67,-5.43,14.07,100
01-May-1982,1.97,7.42,-2.3,8.41,10.7,12.63,-7.82,13.97,100
01-Jun-1982,2.36,7.03,-1.86,8.92,10.78,12.59,-6.07,13.53,100
01-Jul-1982,2.46,7,-2.24,8.9,11.14,12.55,-6.18,13.32,100
01-Aug-1982,2.92,6.78,-2.15,9.64,11.79,12.53,-5.4,12.74,100
01-Sep-1982,2.94,6.85,-2.51,9.67,12.18,12.52,-5.61,11.92,100
01-Oct-1982,4.54,6.02,-0.49,12.14,12.63,12.52,-4.14,11.24,100
01-Nov-1982,5.57,6.56,-0.73,12.15,12.87,12.53,-4.6,10.75,100
01-Dec-1982,4.65,5.63,-0.24,9.9,10.14,12.54,-4.32,10.53,-100
01-Jan-1983,3.79,6.56,-0.66,11.54,12.2,12.57,-4.94,10.41,-100
01-Feb-1983,6.2,7.03,0,12.61,12.61,13.56,-4.51,10.09,-100
01-Mar-1983,6.73,7.8,0,12.66,12.66,16.84,-5.02,9.7,-100
01-Apr-1983,8.56,10.56,0.09,12.72,12.63,27.96,-4.79,9.25,-100
01-May-1983,8.74,11.18,-0.68,12.8,13.48,29.95,-5.46,8.85,-100
01-Jun-1983,8.01,9.59,-0.96,12.88,13.84,24.2,-5.61,8.54,-100
01-Jul-1983,9.45,12.38,-0.75,12.97,13.71,33.37,-6.34,8.2,-100
01-Aug-1983,10.35,13.98,-0.11,13.02,13.13,38.87,-6.38,8.2,-100
01-Sep-1983,11.21,15.38,0.54,13.08,12.54,43.75,-5.89,8.47,-100
01-Oct-1983,7.84,8.83,0.93,13.1,12.18,21.97,-6.15,8.66,-100
01-Nov-1983,7.56,8.28,1.1,12.97,11.87,20.55,-5.94,8.73,-100
01-Dec-1983,4.72,5.84,1.46,9.28,7.83,13.14,-6.04,8.8,-100
01-Jan-1984,3.99,6.92,-3.24,9.75,12.99,13.15,-5.82,8.87,-100
01-Feb-1984,4.29,6.45,-1.61,8.86,10.47,13.14,-5.86,8.97,-100
01-Mar-1984,3.45,7.39,-3.1,8.59,11.69,13.14,-6.6,9.08,-100
01-Apr-1984,2.96,7.95,-3.14,8.58,11.72,13.12,-9.24,9.19,-100
01-May-1984,2.02,9.18,-3.97,8.56,12.52,13.09,-13.68,9.28,-100
01-Jun-1984,0.74,11.67,-3.46,8.53,12,13.06,-22.62,9.37,-100
01-Jul-1984,1.25,10.85,-2.19,8.5,10.69,13.03,-20.37,9.46,-100
01-Aug-1984,0.56,11.96,-2.86,8.47,11.33,13.02,-23.89,9.53,-100
01-Sep-1984,1.38,10.35,-2.57,8.45,11.03,13,-18.7,9.64,-100
01-Oct-1984,1.39,10.38,-1.74,8.43,10.18,12.99,-19.17,9.9,-100
01-Nov-1984,1.33,10.46,-1.61,8.41,10.02,12.98,-19.49,9.94,-100
01-Dec-1984,2.14,9.13,-1.29,7.15,8.44,12.97,-17.02,9.84,-100
01-Jan-1985,1.58,10.08,-1.47,8.37,9.85,12.98,-18.15,9.72,-100
01-Feb-1985,2.09,8.61,-2.76,8.36,11.12,13,-12.42,9.58,-100
01-Mar-1985,3.29,7.31,-2.01,8.36,10.37,13.01,-10.66,9.46,-100
01-Apr-1985,3.74,6.67,-1.79,8.36,10.16,13.03,-5.87,9.36,-100
01-May-1985,3.94,6.6,-0.85,8.37,9.22,13.07,-6.94,9.23,-100
01-Jun-1985,3.98,6.69,-1,8.37,9.37,13.1,-6.99,9.01,-100
01-Jul-1985,4.51,6.22,-0,8.61,8.62,13.14,-5.29,8.79,-100
01-Aug-1985,4.65,6.26,-0.97,9.14,10.11,13.16,-4.96,8.49,-100
01-Sep-1985,4.77,6.04,0.45,9.72,9.27,13.17,-5,8.21,-100
01-Oct-1985,4.1,7.09,-0.53,10.31,10.84,13.18,-9.5,7.84,-100
01-Nov-1985,4.2,6.97,-0.63,10.39,11.02,13.21,-8.57,7.71,-100
01-Dec-1985,4.26,6.33,-0.22,9.29,9.52,13.24,-7.82,7.72,-100
01-Jan-1986,4.49,6.54,-0.54,9.92,10.47,13.26,-5.66,7.62,-100
01-Feb-1986,4.78,6.06,-0.06,9.8,9.85,13.29,-3.5,7.57,-100
01-Mar-1986,4.45,6.6,0,9.68,9.68,13.33,-8.22,7.55,-100
01-Apr-1986,4.53,6.53,-0,9.51,9.51,13.37,-7.59,7.34,-100
01-May-1986,4.52,6.48,-0.68,9.28,9.96,13.41,-6.11,7.15,-100
01-Jun-1986,4.73,6.16,-0.15,8.92,9.07,13.44,-4.75,7.12,-100
01-Jul-1986,4.64,6.36,0,8.73,8.73,13.47,-6.54,7.02,-100
01-Aug-1986,4.78,6.21,0,8.59,8.59,13.51,-5.87,6.92,-100
01-Sep-1986,4.93,6.11,-0.02,8.61,8.63,13.53,-4.2,6.76,-100
01-Oct-1986,5.21,5.94,0,8.64,8.64,13.56,-2.98,6.56,-100
01-Nov-1986,6.57,6.11,0.06,13.31,13.25,15.51,-2.9,6.33,-100
01-Dec-1986,6.07,5.74,1.67,11.28,9.61,14.45,-2.96,6.16,-100
01-Jan-1987,6.32,6.1,0,13.35,13.35,13.62,-2.95,6.01,-100
01-Feb-1987,6.36,6.19,0,13.38,13.38,13.64,-3,5.9,-100
01-Mar-1987,6.18,6.31,0,12.35,12.35,13.65,-3.37,5.77,-100
01-Apr-1987,5.95,6.51,0,11.98,11.98,13.66,-4.08,5.68,-100
01-May-1987,5.89,6.62,0.25,12.63,12.39,13.66,-4.39,5.57,-100
01-Jun-1987,6.05,6.61,1.71,13.25,11.54,13.67,-4.29,5.53,-100
01-Jul-1987,6.01,6.75,1.32,13.45,12.13,13.97,-4.47,5.46,-100
01-Aug-1987,6.16,6.92,1.81,13.47,11.66,14.76,-4.79,5.47,-100
01-Sep-1987,6.24,7.1,1.63,13.5,11.87,15.63,-5.17,5.47,-100
01-Oct-1987,6.78,6.63,2.29,13.48,11.19,16.18,-3.89,5.62,-100
01-Nov-1987,7.05,6.38,2.48,13.45,10.97,16.34,-3.34,5.58,-100
01-Dec-1987,6.62,5.87,2.96,11.65,8.69,16.18,-2.94,5.47,-100
01-Jan-1988,6.97,6.03,1.7,13.4,11.7,15.96,-2.36,5.34,-100
01-Feb-1988,6.74,6.02,0.65,13.37,12.72,15.54,-2.22,5.37,-100
01-Mar-1988,6.29,6.2,-0.31,13.34,13.65,14.98,-2.53,5.34,-100
01-Apr-1988,6.01,6.23,-0.93,13.31,14.24,14.26,-2.43,5.36,-100
01-May-1988,5.93,6.17,-0.76,13.28,14.04,13.56,-2.28,5.49,-100
01-Jun-1988,5.85,6.05,-0.68,12.73,13.4,13.52,-2.05,5.5,-100
01-Jul-1988,5.55,6.11,-1.07,11.74,12.8,13.48,-2.27,5.56,-100
01-Aug-1988,5.34,6.09,-0.9,10.68,11.58,13.44,-2.23,5.68,-100
01-Sep-1988,5.11,6.07,-0.52,9.61,10.13,13.4,-2.47,5.86,-100
01-Oct-1988,5.14,5.9,-0.46,9.29,9.74,13.4,-1.98,5.87,-100
01-Nov-1988,5.43,5.71,0,8.57,8.57,13.42,-2.14,6.1,-100
01-Dec-1988,5.55,5.34,1.41,9.34,7.93,13.42,-2.34,6.36,-100
01-Jan-1989,5.88,5.58,1.87,10.49,8.62,13.43,-2.38,6.63,-100
01-Feb-1989,6.33,5.77,2.47,10.68,8.2,13.42,-2.85,6.79,-100
01-Mar-1989,6.23,5.73,2.03,10.34,8.31,13.42,-2.76,7.04,-100
01-Apr-1989,5.76,5.51,1.6,8.57,6.96,13.43,-2.65,7.26,-100
01-May-1989,6.02,5.58,1.93,9.12,7.18,13.44,-2.42,7.56,-100
01-Jun-1989,6.8,6.13,2.63,13.37,10.74,13.88,-2.09,7.8,-100
01-Jul-1989,6.92,6.4,1.82,13.39,11.57,14.98,-1.94,8,-100
01-Aug-1989,7.09,7.11,1.41,13.41,12,17.13,-2.62,8.16,-100
01-Sep-1989,7.77,8.24,0.97,13.43,12.46,21.61,-2.66,8.19,-100
01-Oct-1989,8.18,8.77,0.66,13.45,12.79,23.82,-2.33,8.27,-100
01-Nov-1989,8.19,8.77,0.42,13.46,13.04,23.77,-2.26,8.4,-100
01-Dec-1989,7.64,8.35,1.55,13.37,11.83,23.71,-2.5,8.38,-100
01-Jan-1990,8.16,8.95,0.32,13.47,13.16,23.77,-3.01,8.4,-100
01-Feb-1990,7.9,8.47,0.51,13.47,12.97,21.89,-3.09,8.35,-100
01-Mar-1990,7.37,7.82,0.68,13.47,12.79,18.77,-3.34,8.32,-100
01-Apr-1990,7.08,7.56,0.93,13.46,12.53,17.09,-3.72,8.34,-100
01-May-1990,6.81,7.06,1.16,13.45,12.3,14.91,-3.39,8.22,-100
01-Jun-1990,6.53,6.77,1.28,13.12,11.84,13.52,-3.28,8.14,-100
01-Jul-1990,6.31,6.53,0.96,12.25,11.29,13.51,-3.15,8.12,-100
01-Aug-1990,6.05,6.3,0.84,11.93,11.1,13.47,-3.32,8.03,100
01-Sep-1990,5.56,5.96,0.19,11.61,11.42,13.43,-3.07,7.98,100
01-Oct-1990,5.11,5.87,0.31,11.28,10.97,13.39,-2.81,7.98,100
01-Nov-1990,4.68,6.09,-0.73,10.87,11.6,13.36,-2.51,7.85,100
01-Dec-1990,4.31,5.94,-1.66,9.5,11.16,13.32,-2.91,7.84,100
01-Jan-1991,4.14,6.62,-1.62,9.9,11.53,13.31,-4.5,7.78,100
01-Feb-1991,3.9,6.93,-2.26,9.48,11.73,13.3,-5.67,7.69,100
01-Mar-1991,4.38,6.42,-2.4,9.28,11.68,13.3,-4.94,7.47,100
01-Apr-1991,4.4,6.37,-2.5,8.95,11.46,13.3,-4.21,7.3,-100
01-May-1991,4.49,6.3,-2.52,8.63,11.14,13.3,-3.33,7.08,-100
01-Jun-1991,4.44,6.36,-2.69,8.52,11.21,13.29,-3.64,6.86,-100
01-Jul-1991,4.42,6.4,-2.68,8.51,11.19,13.28,-3.74,6.65,-100
01-Aug-1991,4.49,6.34,-2.42,8.72,11.14,13.3,-3.53,6.44,-100
01-Sep-1991,4.78,6.13,-1.58,9.05,10.63,13.33,-3.27,6.29,-100
01-Oct-1991,4.97,6.05,-0.03,9.34,9.37,13.36,-3.39,6.02,-100
01-Nov-1991,5.31,5.88,1.71,9.8,8.09,13.38,-3.41,5.83,-100
01-Dec-1991,5.36,5.31,3,9.46,6.46,13.4,-2.83,5.6,-100
01-Jan-1992,5.56,5.93,3.64,10.72,7.07,13.42,-3.55,5.41,-100
01-Feb-1992,5.88,5.89,3.83,11.22,7.38,13.43,-3.51,5.2,-100
01-Mar-1992,5.78,6.05,2.05,11.7,9.65,13.43,-3.7,5.09,-100
01-Apr-1992,5.76,6.13,1.6,12.24,10.64,13.43,-3.68,4.88,-100
01-May-1992,5.79,6.09,1.28,12.7,11.42,13.43,-3.36,4.68,-100
01-Jun-1992,5.43,6.1,-0.62,12.03,12.65,13.43,-3.13,4.57,-100
01-Jul-1992,5.58,5.98,-0.08,12.03,12.11,13.77,-2.73,4.39,-100
01-Aug-1992,5.62,6.02,-0.14,12.02,12.16,14.33,-2.63,4.18,-100
01-Sep-1992,5.69,5.99,0.13,12.02,11.89,14.94,-2.37,3.97,-100
01-Oct-1992,5.62,6.17,-0.17,12.02,12.19,15.55,-2.76,3.77,-100
01-Nov-1992,5.59,6.28,-0.23,12.03,12.26,15.89,-2.95,3.61,-100
01-Dec-1992,5.38,5.89,0.81,9.72,8.91,15.99,-2.73,3.5,-100
01-Jan-1993,5.77,6.22,-0.67,12.03,12.7,16.2,-2.41,3.39,-100
01-Feb-1993,5.8,6.18,-0.67,12.03,12.7,16.32,-2.07,3.33,-100
01-Mar-1993,5.82,6.2,-0.64,12.03,12.67,16.39,-2.19,3.24,-100
01-Apr-1993,5.95,6.12,0,12.03,12.03,16.42,-2.31,3.15,-100
01-May-1993,5.96,6.16,0.07,12.03,11.96,16.41,-2.54,3.09,-100
01-Jun-1993,6.05,6.07,0.21,12.04,11.83,16.34,-2.2,3.02,-100
01-Jul-1993,6.09,6.04,0.27,12.04,11.77,16.17,-2.19,2.95,-100
01-Aug-1993,6.2,5.91,0.44,12.05,11.6,15.97,-1.81,2.94,-100
01-Sep-1993,6.22,5.88,0.37,12.05,11.68,15.67,-1.73,2.94,-100
01-Oct-1993,6.25,5.84,0.42,12.06,11.64,15.26,-1.72,2.93,-100
01-Nov-1993,6.19,5.93,0.27,12.1,11.84,14.99,-2.07,2.95,-100
01-Dec-1993,5.74,5.71,0.02,9.9,9.88,14.84,-2.05,2.9,-100
01-Jan-1994,6.06,6,-0.81,12.09,12.9,14.62,-1.94,2.92,-100
01-Feb-1994,5.93,6.12,-1.11,12.08,13.19,14.38,-2.37,2.91,-100
01-Mar-1994,5.77,6.29,-1.52,12.05,13.57,14.2,-2.88,2.93,-100
01-Apr-1994,5.45,6.67,-1.61,12.03,13.64,14.03,-5.62,2.96,-100
01-May-1994,5.37,6.63,-1.52,12.02,13.54,13.74,-5.7,3.05,-100
01-Jun-1994,5.26,6.63,-1.55,12.01,13.56,13.49,-5.84,3.11,-100
01-Jul-1994,5.27,6.47,-1.24,11.99,13.23,13.41,-5.53,3.15,-100
01-Aug-1994,5.45,6.02,-1.09,11.78,12.87,13.4,-2.54,3.28,-100
01-Sep-1994,4.98,6.53,-1.57,11.51,13.08,13.38,-5.88,3.39,-100
01-Oct-1994,4.88,6.51,-1.6,11.23,12.83,13.37,-5.96,3.56,-100
01-Nov-1994,4.78,6.46,-1.51,10.88,12.39,13.35,-6.04,3.68,-100
01-Dec-1994,4.58,5.93,-0.9,9.14,10.04,13.33,-5.83,3.9,-100
01-Jan-1995,4.66,6.22,-0.97,9.96,10.93,13.31,-5.95,4.07,-100
01-Feb-1995,4.88,5.67,-0.94,9.43,10.37,13.3,-2.41,4.27,-100
01-Mar-1995,4.54,6.01,-0.87,8.87,9.74,13.3,-5.44,4.47,-100
01-Apr-1995,4.75,5.56,-0.65,8.38,9.03,13.3,-2.45,4.65,-100
01-May-1995,5.02,5.19,-0.02,8.19,8.21,13.3,-1.79,4.89,-100
01-Jun-1995,5.05,5.14,0.05,8,7.96,13.32,-1.81,5.05,-100
01-Jul-1995,5.01,5.21,-0.05,7.82,7.87,13.33,-2.17,5.23,-100
01-Aug-1995,5.12,5.13,0.13,7.83,7.7,13.34,-1.99,5.34,-100
01-Sep-1995,4.91,5.5,-0.18,7.95,8.13,13.36,-3.53,5.4,-100
01-Oct-1995,4.96,5.6,-0.14,8.1,8.24,13.37,-4.4,5.49,-100
01-Nov-1995,5.11,5.57,0.01,8.27,8.26,13.4,-4.1,5.55,-100
01-Dec-1995,4.98,5.3,0.19,8.23,8.04,13.42,-3.97,5.6,-100
01-Jan-1996,5.36,5.84,0.09,8.75,8.65,13.45,-5.3,5.61,-100
01-Feb-1996,5.33,6.19,-0.56,9.25,9.81,13.47,-5.81,5.6,-100
01-Mar-1996,5.43,6.39,-0.8,9.81,10.61,13.49,-5.99,5.53,-100
01-Apr-1996,5.47,6.62,-1.03,10.59,11.62,13.51,-6.28,5.55,-100
01-May-1996,5.51,6.81,-1.23,11.26,12.49,13.53,-6.45,5.42,-100
01-Jun-1996,5.63,6.88,-1.15,11.88,13.03,13.55,-6.29,5.35,-100
01-Jul-1996,5.74,6.95,-1.08,12.41,13.49,13.54,-6.34,5.35,-100
01-Aug-1996,5.72,7.03,-1.25,12.53,13.79,13.54,-6.14,5.28,-100
01-Sep-1996,5.83,6.97,-1.09,12.8,13.88,13.55,-5.89,5.29,-100
01-Oct-1996,5.92,6.91,-1.05,12.96,14.01,13.55,-5.56,5.24,-100
01-Nov-1996,6.03,6.87,-0.82,13.29,14.11,13.56,-5.25,5.23,-100
01-Dec-1996,5.62,6.72,-0.67,13.3,13.97,13.82,-5.66,5.2,-100
01-Jan-1997,6,7.24,-1.26,13.41,14.66,14.18,-5.97,5.22,-100
01-Feb-1997,6.04,7.35,-1.33,13.41,14.75,14.69,-6.01,5.22,-100
01-Mar-1997,6.29,7.12,-1.56,13.41,14.97,15.09,-3.45,5.26,-100
01-Apr-1997,6.49,7.03,-0.9,13.41,14.31,15.44,-3.09,5.23,-100
01-May-1997,6.43,7.15,-1.15,13.42,14.57,15.55,-3.33,5.3,-100
01-Jun-1997,6.49,7.3,-1.25,13.43,14.68,16.08,-3.31,5.27,-100
01-Jul-1997,6.7,7.4,-0.94,13.46,14.4,16.85,-2.97,5.25,-100
01-Aug-1997,6.85,7.84,-1.1,13.49,14.59,18.27,-3.27,5.25,-100
01-Sep-1997,7.11,8.07,-1.1,13.51,14.62,19.44,-3.06,5.25,-100
01-Oct-1997,7.32,8.31,-1.09,13.57,14.65,20.51,-2.8,5.25,-100
01-Nov-1997,7.45,8.57,-1.21,13.69,14.9,21.38,-2.77,5.23,-100
01-Dec-1997,6.87,8.36,-1.26,13.65,14.9,21.82,-2.72,5.25,-100
01-Jan-1998,7.6,8.87,-1.4,13.72,15.12,22.36,-2.49,5.23,-100
01-Feb-1998,7.56,9.06,-1.54,13.74,15.28,22.62,-2.74,5.23,-100
01-Mar-1998,7.55,9.29,-1.79,13.78,15.57,22.99,-3,5.19,-100
01-Apr-1998,7.64,9.56,-1.87,13.81,15.69,23.76,-3.51,5.19,-100
01-May-1998,7.91,9.86,-1.73,13.83,15.56,24.99,-3.92,5.1,-100
01-Jun-1998,7.99,10.05,-1.68,13.85,15.53,25.54,-4.27,5.14,-100
01-Jul-1998,7.95,10.2,-1.85,13.85,15.7,25.72,-4.54,5.11,-100
01-Aug-1998,8.09,10.09,-1.43,13.83,15.26,25.81,-4.68,5.13,-100
01-Sep-1998,8.27,9.78,-0.57,13.81,14.39,25.43,-4.75,5.15,-100
01-Oct-1998,8.1,9.67,-0.94,13.81,14.75,24.69,-4.64,5.04,-100
01-Nov-1998,7.85,9.61,-1.37,13.81,15.19,23.96,-4.73,4.96,-100
01-Dec-1998,7.15,9.21,-1.36,13.75,15.11,23.9,-4.84,4.85,-100
01-Jan-1999,7.81,9.71,-1.76,13.83,15.59,23.91,-5,4.77,-100
01-Feb-1999,7.7,9.97,-2.1,13.82,15.92,24.19,-5.07,4.73,-100
01-Mar-1999,7.67,9.97,-2.18,13.82,16,24.08,-5.11,4.77,-100
01-Apr-1999,7.61,9.98,-2.24,13.82,16.07,23.85,-5.15,4.71,-100
01-May-1999,7.49,10.05,-2.55,13.83,16.37,23.66,-5.22,4.65,-100
01-Jun-1999,7.48,10.05,-2.56,13.83,16.39,23.48,-5.27,4.64,-100
01-Jul-1999,7.42,10.07,-2.72,13.83,16.55,23.25,-5.32,4.61,-100
01-Aug-1999,7.44,10.04,-2.6,13.86,16.47,23.03,-5.46,4.57,-100
01-Sep-1999,7.52,10,-2.44,13.87,16.32,22.98,-5.69,4.5,-100
01-Oct-1999,7.57,10.09,-2.45,13.88,16.33,23.15,-6.07,4.57,-100
01-Nov-1999,7.5,10.24,-2.72,13.89,16.61,23.18,-6.36,4.63,-100
01-Dec-1999,6.69,9.89,-2.59,13.82,16.42,23.03,-6.64,4.69,-100
01-Jan-2000,7.25,10.48,-3.12,13.89,17.01,22.84,-6.87,4.75,-100
01-Feb-2000,7.29,10.34,-2.73,13.9,16.62,22.44,-7.15,4.83,-100
01-Mar-2000,7.33,10.18,-2.4,13.91,16.31,21.96,-7.52,4.88,-100
01-Apr-2000,6.84,9.95,-2.44,13.87,16.31,21.54,-7.89,4.97,-100
01-May-2000,7.09,10.12,-2.54,13.89,16.44,21.06,-8.21,5.14,-100
01-Jun-2000,7.04,9.96,-2.36,13.88,16.24,20.51,-8.59,5.14,-100
01-Jul-2000,6.71,9.63,-2.22,13.84,16.06,20.25,-8.99,5.24,-100
01-Aug-2000,6.9,9.78,-2.09,13.88,15.96,19.95,-9.49,5.36,-100
01-Sep-2000,6.81,9.77,-2.05,13.88,15.93,19.78,-9.98,5.48,-100
01-Oct-2000,6.5,9.43,-1.74,13.83,15.58,19.55,-10.42,5.66,-100
01-Nov-2000,6.76,9.54,-1.59,13.84,15.43,19.21,-10.73,5.82,-100
01-Dec-2000,6.21,8.82,-1.36,13.75,15.1,18.7,-10.89,5.88,-100
01-Jan-2001,6.16,8.99,-1.62,13.76,15.38,17.99,-10.92,6.02,-100
01-Feb-2001,6.48,8.91,-1.68,13.76,15.44,17.34,-10.84,5.97,-100
01-Mar-2001,6.4,8.61,-1.4,13.72,15.12,16.66,-10.45,5.91,-100
01-Apr-2001,5.9,8.2,-1.58,13.65,15.22,15.84,-9.87,5.84,100
01-May-2001,5.84,8.24,-2.06,13.65,15.71,15.07,-9.34,5.65,100
01-Jun-2001,5.74,8.01,-2.15,13.22,15.36,14.46,-8.71,5.52,100
01-Jul-2001,5.39,7.52,-1.96,12.7,14.66,13.8,-7.96,5.34,100
01-Aug-2001,5.63,7.38,-1.85,12.7,14.55,13.57,-7.09,5.14,100
01-Sep-2001,5.59,6.97,-1.46,12,13.46,13.52,-5.88,4.9,100
01-Oct-2001,5.41,6.39,-1.16,10.43,11.6,13.47,-4.61,4.54,100
01-Nov-2001,5.22,6.52,-1.95,10.58,12.54,13.44,-3.29,4.19,100
01-Dec-2001,4.76,6.09,-1.84,9.26,11.1,13.42,-2.81,3.82,-100
01-Jan-2002,4.94,6.11,-1.72,9.37,11.09,13.38,-2.9,3.41,-100
01-Feb-2002,4.92,6.11,-1.44,9.17,10.61,13.36,-2.78,3.15,-100
01-Mar-2002,4.69,6.21,-2.04,8.75,10.79,13.34,-3.28,2.86,-100
01-Apr-2002,4.6,5.84,-1.8,8.53,10.33,13.32,-2.89,2.61,-100
01-May-2002,4.73,5.91,-1.66,8.53,10.19,13.29,-2.73,2.43,-100
01-Jun-2002,4.69,5.77,-1.33,8.35,9.68,13.25,-2.83,2.27,-100
01-Jul-2002,4.67,5.36,-0.5,7.91,8.41,13.21,-2.81,2.12,-100
01-Aug-2002,4.76,5.38,-0.01,8.24,8.25,13.17,-2.81,1.95,-100
01-Sep-2002,4.79,5.23,0.57,8.19,7.62,13.14,-2.78,1.8,-100
01-Oct-2002,4.71,5.07,0.64,7.74,7.1,13.11,-2.18,1.72,-100
01-Nov-2002,4.41,5.46,0.09,8.2,8.11,13.08,-2.42,1.67,-100
01-Dec-2002,4.24,5.15,0.42,7.87,7.45,13.04,-2.76,1.63,-100
01-Jan-2003,3.85,5.18,0,8.16,8.16,13,-2.92,1.59,-100
01-Feb-2003,4.01,5.27,-0.08,8.52,8.6,12.96,-2.98,1.55,-100
01-Mar-2003,3.97,5.35,-0.3,8.66,8.96,12.92,-2.87,1.52,-100
01-Apr-2003,3.98,5.39,-0.48,8.37,8.85,12.89,-3.24,1.47,-100
01-May-2003,3.9,5.51,0.01,8.81,8.8,12.87,-3.1,1.42,-100
01-Jun-2003,3.8,5.6,-0.13,8.83,8.96,12.86,-2.95,1.39,-100
01-Jul-2003,3.73,5.65,-0.95,8.31,9.26,12.87,-3.36,1.31,-100
01-Aug-2003,3.64,5.72,-0.8,8.89,9.69,12.87,-3.53,1.24,-100
01-Sep-2003,3.78,5.64,-0.19,8.92,9.11,12.88,-3.58,1.18,-100
01-Oct-2003,4.07,5.53,-0.44,8.32,8.76,12.9,-3.37,1.11,-100
01-Nov-2003,3.94,5.54,-0.38,8.95,9.33,12.91,-3.07,1.06,-100
01-Dec-2003,3.86,5.22,-0.05,7.85,7.9,12.93,-3.1,1.02,-100
01-Jan-2004,4.11,5.36,-0.04,8.36,8.4,12.96,-3.08,0.99,-100
01-Feb-2004,4.11,5.4,0.2,8.86,8.66,12.99,-3.05,0.96,-100
01-Mar-2004,4.34,5.23,0.47,8.83,8.36,13.03,-2.73,0.95,-100
01-Apr-2004,4.33,5.17,0.06,8.44,8.38,13.04,-2.42,0.93,-100
01-May-2004,4.34,5.27,-0.06,8.86,8.92,13.05,-2.22,0.9,-100
01-Jun-2004,4.35,5.28,-0.07,8.87,8.94,13.06,-2.18,0.88,-100
01-Jul-2004,4.42,5.08,0.26,8.48,8.22,13.06,-2.18,0.91,-100
01-Aug-2004,4.58,5.12,0.51,8.84,8.33,13.05,-2.24,0.95,-100
01-Sep-2004,4.57,5.12,0.44,8.8,8.36,13.05,-2.39,0.98,-100
01-Oct-2004,4.58,4.94,0.61,8.49,7.88,13.05,-2.64,1.02,-100
01-Nov-2004,4.44,5.18,0.11,8.65,8.54,13.05,-2.87,1.11,-100
01-Dec-2004,4.25,4.89,0.3,8.07,7.76,13.05,-2.97,1.19,-100
01-Jan-2005,4.33,5,0.34,8.34,8,13.04,-3.05,1.28,-100
01-Feb-2005,4.3,5.18,-0.05,8.05,8.1,13.04,-3.14,1.38,-100
01-Mar-2005,4.22,5.19,-0.16,7.71,7.87,13.03,-3.18,1.5,-100
01-Apr-2005,4.2,4.94,0.41,6.98,6.57,13.02,-3.21,1.63,-100
01-May-2005,4.39,4.97,0.6,7.17,6.57,13.02,-3.26,1.81,-100
01-Jun-2005,4.37,4.93,0.65,7.16,6.51,13.02,-3.19,1.97,-100
01-Jul-2005,4.11,4.87,0.38,6.7,6.32,13.02,-3.2,2.11,-100
01-Aug-2005,4.26,4.92,0.58,7.14,6.56,13.03,-3.07,2.3,-100
01-Sep-2005,4.23,4.93,0.37,7.14,6.77,13.04,-3,2.49,-100
01-Oct-2005,4.02,4.85,0.47,6.69,6.21,13.04,-2.97,2.65,-100
01-Nov-2005,4.16,4.94,0.45,7.12,6.67,13.04,-2.91,2.82,-100
01-Dec-2005,4.02,4.67,0.84,6.29,5.45,13.03,-2.74,2.98,-100
01-Jan-2006,3.95,4.84,0.73,6.63,5.9,13.03,-2.49,3.18,-100
01-Feb-2006,4.07,4.94,0.55,7.08,6.53,13.03,-2.2,3.36,-100
01-Mar-2006,3.98,4.99,0.35,7.07,6.72,13.03,-1.95,3.53,-100
01-Apr-2006,3.86,4.86,0.51,6.59,6.08,13.04,-1.48,3.68,-100
01-May-2006,4.04,4.92,0.19,7.06,6.87,13.03,-1.22,3.88,-100
01-Jun-2006,4.11,4.87,-0.05,7.05,7.1,13.03,-1.11,4.05,-100
01-Jul-2006,3.95,4.77,-0.05,6.56,6.6,13.01,-0.94,4.22,-100
01-Aug-2006,4.26,4.76,0.22,7.01,6.79,13.01,-0.75,4.34,-100
01-Sep-2006,4.28,4.74,0.51,6.99,6.48,13,-0.91,4.47,-100
01-Oct-2006,4.12,4.64,1.15,6.5,5.34,13,-1.27,4.61,-100
01-Nov-2006,4.33,4.72,1.02,6.98,5.96,13,-1.58,4.73,-100
01-Dec-2006,4.15,4.54,1.22,6.17,4.94,13,-1.85,4.81,-100
01-Jan-2007,4.08,4.73,0.89,6.48,5.59,13,-2.03,4.91,-100
01-Feb-2007,4.28,4.8,0.81,6.97,6.15,13,-2.21,4.95,-100
01-Mar-2007,4.36,4.78,0.91,6.96,6.05,13,-2.3,5.01,-100
01-Apr-2007,4.22,4.68,1.05,6.46,5.41,12.99,-2.41,5.1,-100
01-May-2007,4.26,4.87,0.48,6.95,6.47,13,-2.52,5.07,-100
01-Jun-2007,4.22,4.91,0.45,6.96,6.51,13.01,-2.58,5.07,-100
01-Jul-2007,4.15,4.78,0.75,6.48,5.73,13.01,-2.65,5.07,-100
01-Aug-2007,4.55,4.74,1,6.98,5.98,13.01,-2.47,5.07,-100
01-Sep-2007,4.54,4.78,0.72,6.98,6.26,13.01,-2.24,4.98,-100
01-Oct-2007,4.35,4.73,0.63,6.78,6.15,13.01,-1.97,4.89,-100
01-Nov-2007,4.79,4.62,1.02,7.58,6.55,13,-1.44,4.8,-100
01-Dec-2007,4.61,4.41,1.02,7.35,6.33,12.99,-0.84,4.67,-100
01-Jan-2008,4.63,4.54,0.95,8.03,7.08,12.97,-0.49,4.43,100
01-Feb-2008,5.05,4.38,1.37,8.33,6.96,12.95,0.21,4.17,100
01-Mar-2008,5.18,4.29,1.68,8.45,6.77,12.93,0.15,3.9,100
01-Apr-2008,4.99,4.28,2.05,8.4,6.35,12.9,0.34,3.63,100
01-May-2008,5.02,4.52,1.26,8.55,7.29,12.88,0.03,3.39,100
01-Jun-2008,5.07,4.53,1.46,8.56,7.1,12.85,-0.05,3.15,100
01-Jul-2008,4.97,4.47,1.28,8.35,7.07,12.83,-0.04,2.9,100
01-Aug-2008,5.18,4.55,1.55,8.45,6.9,12.8,-0.07,2.6,100
01-Sep-2008,5.18,4.63,1.42,8.67,7.25,12.77,-0.43,2.43,100
01-Oct-2008,5.13,4.64,1.2,8.27,7.07,12.72,-1.17,2.18,100
01-Nov-2008,5.57,4.89,0.98,9.17,8.19,13.87,-0.78,1.87,100
01-Dec-2008,5.68,4.91,0.65,7.97,7.33,15.84,-0.22,1.59,100
01-Jan-2009,5.2,5.57,0,8.13,8.13,17.63,-1.15,1.38,100
01-Feb-2009,5.5,5.98,-0.06,9.16,9.22,19.25,-1.5,1.26,100
01-Mar-2009,5.71,6.31,-0.11,10.23,10.34,20.65,-1.54,1.11,100
01-Apr-2009,5.44,6.44,0,9.21,9.21,21.88,-2.35,0.93,100
01-May-2009,4.95,7.07,-1.08,8.88,9.96,23.17,-2.69,0.75,100
01-Jun-2009,4.79,7.35,-1.18,8.84,10.02,24.35,-2.87,0.59,100
01-Jul-2009,4.82,7.33,-1.47,7.85,9.32,25.24,-3.16,0.45,-100
01-Aug-2009,4.7,7.68,-1.57,8.77,10.34,26.02,-3.35,0.33,-100
01-Sep-2009,4.7,7.74,-1.12,8.74,9.87,26.34,-3.48,0.19,-100
01-Oct-2009,4.77,7.41,-0.31,7.77,8.08,25.9,-3.51,0.11,-100
01-Nov-2009,5.15,7.22,0.57,8.74,8.17,25.02,-3.19,0.08,-100
01-Dec-2009,5.06,6.58,1.15,7.49,6.34,24.17,-2.89,0.09,-100
01-Jan-2010,5.48,6.27,1.24,7.82,6.58,23.32,-2.59,0.09,-100
01-Feb-2010,5.71,6.17,1.4,8.81,7.41,22.4,-2.11,0.08,-100
01-Mar-2010,5.72,5.94,1.1,8.84,7.74,21.21,-1.56,0.07,-100
01-Apr-2010,5.82,5.5,1.4,7.93,6.53,20.22,-0.74,0.07,-100
01-May-2010,6.68,5.14,2.85,10.23,7.37,19.45,-0.05,0.08,-100
01-Jun-2010,6.88,4.86,3.53,9.62,6.08,18.79,0.3,0.08,-100
01-Jul-2010,6.74,4.7,3.27,9.24,5.97,18.2,0.52,0.08,-100
01-Aug-2010,7.06,4.57,3.65,9.9,6.25,17.76,0.65,0.08,-100
01-Sep-2010,6.97,4.6,3.39,10.42,7.03,17.39,0.61,0.08,-100
01-Oct-2010,6.76,4.47,3.5,9.96,6.46,17,0.63,0.09,-100
01-Nov-2010,6.72,4.56,3.08,10.1,7.02,16.67,0.73,0.1,-100
01-Dec-2010,6.26,4.48,2.56,9.14,6.59,16.42,0.85,0.1,-100
01-Jan-2011,6.29,4.45,2.61,8.1,5.49,16.15,0.63,0.11,-100
01-Feb-2011,6.26,4.57,2.69,8.99,6.3,15.85,0.41,0.12,-100
01-Mar-2011,6.36,4.48,2.85,9,6.15,15.73,0.64,0.12,-100
01-Apr-2011,6.38,4.4,3.02,9.08,6.06,15.67,0.21,0.11,-100
01-May-2011,6.48,4.49,3.1,9.77,6.67,15.52,-0.08,0.1,-100
01-Jun-2011,6.68,4.37,3.26,10.04,6.78,15.39,0.42,0.09,-100
01-Jul-2011,6.65,4.23,3.36,9.83,6.47,15.25,0.76,0.08,-100
01-Aug-2011,7.31,4.08,4.57,10.95,6.38,15.31,0.85,0.08,-100
01-Sep-2011,7.51,4.1,4.94,11.56,6.62,15.42,0.86,0.07,-100
01-Oct-2011,7.27,4.23,3.86,11.92,8.06,15.61,0.68,0.06,-100
01-Nov-2011,7.3,4.25,4.44,11.37,6.93,15.79,0.41,0.05,-100
01-Dec-2011,6.99,4.19,3.76,10.71,6.95,15.97,0.3,0.04,-100
01-Jan-2012,7.07,4.21,3.77,10.55,6.78,16.11,0.11,0.03,-100
01-Feb-2012,6.96,4.41,3.45,10.69,7.25,16.18,-0.06,0.02,-100
01-Mar-2012,6.78,4.48,3.31,10.35,7.04,16.22,-0.17,0.01,-100
01-Apr-2012,6.79,4.35,3.43,10.37,6.94,16.25,-0,0.01,-100
01-May-2012,7.1,4.43,3.32,11.02,7.7,16.36,-0.06,0.02,-100
01-Jun-2012,7.16,4.5,3.26,11.56,8.3,16.41,-0,0.02,-100
01-Jul-2012,6.98,4.38,3.57,11.21,7.64,16.45,0.35,0.02,-100
01-Aug-2012,7.06,4.47,3.48,11.25,7.77,16.33,0.25,0.02,-100
01-Sep-2012,7.19,4.3,4.04,11.24,7.2,16.17,1.17,0.03,-100
01-Oct-2012,6.95,4.19,3.19,10.57,7.38,16.07,1.38,0.04,-100
01-Nov-2012,7.43,4.06,4.84,11.07,6.23,16.07,1.29,0.05,-100
01-Dec-2012,7.03,4.01,4.5,10.1,5.6,16.07,1.33,0.06,-100
01-Jan-2013,7.07,4,4.84,10.01,5.17,16.12,1.38,0.06,-100
01-Feb-2013,7.13,4.09,4.61,10.14,5.53,16.21,1.2,0.06,-100
01-Mar-2013,7.07,4.14,4.23,10.11,5.87,16.28,1.03,0.06,-100
01-Apr-2013,7.16,4.03,4.2,10.16,5.96,16.32,0.95,0.06,-100
01-May-2013,7.07,4.18,4.42,10.33,5.92,16.28,1.08,0.05,-100
01-Jun-2013,7.07,4.11,4.94,9.71,4.77,16.3,1.45,0.05,-100
01-Jul-2013,7.03,4,4.99,8.96,3.97,16.36,1.66,0.05,-100
01-Aug-2013,7.06,4.14,4.94,9.35,4.41,16.47,1.5,0.04,-100
01-Sep-2013,7.15,4.15,4.83,9.5,4.67,16.63,1.53,0.03,-100
01-Oct-2013,7.08,4.08,4.54,8.65,4.11,16.68,1.48,0.02,-100
01-Nov-2013,7.22,4.19,4.73,9.34,4.6,16.58,1.31,0.01,-100
01-Dec-2013,6.91,4.16,4.76,9.28,4.52,16.48,0.98,0,-100
01-Jan-2014,7.31,4.08,5.07,10.79,5.72,16.43,1.35,0,-100
01-Feb-2014,7.5,4.28,4.56,11.87,7.31,16.41,1.41,0,-100
01-Mar-2014,7.45,4.41,4.47,12.13,7.67,16.4,1.28,0,-100
01-Apr-2014,7.43,4.4,4.2,12.04,7.84,16.42,1.36,0,-100
01-May-2014,7.66,4.57,4.08,12.15,8.06,16.46,1.53,0,-100
01-Jun-2014,7.53,4.76,3.45,12.16,8.7,16.37,1.38,0,-100
01-Jul-2014,7.46,4.7,3.87,12.05,8.18,16.63,1.29,0,-100
01-Aug-2014,7.65,4.88,3.45,12.17,8.72,17.37,1.55,0,-100
01-Sep-2014,7.45,5.02,3.58,12.17,8.59,18.02,1.34,0,-100
01-Oct-2014,7.43,4.92,3.54,12.06,8.52,18.56,1.62,0,-100
01-Nov-2014,7.39,5.15,3.25,12.17,8.92,18.58,1.58,0,-100
01-Dec-2014,6.91,5.06,2.7,11.15,8.45,18.42,1.56,0,-100
01-Jan-2015,7.21,4.97,3.36,12.06,8.7,18.18,1.78,0,-100
01-Feb-2015,7.21,5.13,2.78,12.17,9.39,17.86,1.7,0,-100
01-Mar-2015,7.18,5.05,2.83,12.16,9.34,17.49,1.8,0,-100
01-Apr-2015,7.04,4.88,2.6,12.06,9.46,16.8,1.68,0,-100
01-May-2015,7.08,4.96,2.61,12.16,9.55,16.3,1.61,0,-100
01-Jun-2015,6.97,5.01,2.47,12.16,9.69,16.08,1.42,0,-100
01-Jul-2015,6.75,4.95,2.12,12.06,9.93,15.92,1.59,0,-100
01-Aug-2015,6.89,5.04,2.03,12.15,10.12,15.76,1.68,0,-100
01-Sep-2015,6.99,4.97,2.17,12.13,9.96,15.83,1.95,0,-100
01-Oct-2015,6.74,4.95,1.93,12.02,10.09,15.9,1.76,0,-100
01-Nov-2015,6.85,5.03,2.35,12.12,9.76,16,1.6,0,-100
01-Dec-2015,6.41,4.99,1.91,11.11,9.2,16.11,1.31,0.01,-100
01-Jan-2016,6.51,5.06,2.19,11.98,9.79,16.32,1.17,0.02,-100
01-Feb-2016,6.88,5,2.38,12.06,9.68,16.51,1.39,0.04,-100
01-Mar-2016,6.75,5.06,2.14,12.05,9.91,16.58,0.98,0.06,-100
01-Apr-2016,6.57,4.94,2.03,11.93,9.91,16.63,1.18,0.07,-100
01-May-2016,6.76,5.02,2.04,12.02,9.98,16.66,1.13,0.08,-100
01-Jun-2016,6.79,4.92,2.36,12.01,9.65,16.61,1.12,0.1,-100
01-Jul-2016,6.61,4.76,2.29,11.9,9.61,16.47,1.36,0.12,-100
01-Aug-2016,6.75,4.81,2.15,12,9.84,16.3,1.46,0.14,-100
01-Sep-2016,6.87,4.68,2.33,12,9.67,16.04,2,0.16,-100
01-Oct-2016,6.84,4.47,2.94,11.89,8.94,15.88,1.93,0.18,-100
01-Nov-2016,6.78,4.77,2.19,11.98,9.8,15.77,1.35,0.19,-100
01-Dec-2016,6.35,4.69,1.86,11,9.14,15.62,1.14,0.21,-100
01-Jan-2017,6.51,4.68,1.85,11.89,10.04,15.34,1.11,0.24,-100
01-Feb-2017,6.8,4.61,3.2,12.01,8.8,15.05,1.13,0.26,-100
01-Mar-2017,6.8,4.6,3.38,12.01,8.63,14.76,1.04,0.27,-100
01-Apr-2017,6.71,4.55,2.41,11.92,9.5,14.47,1.17,0.31,-100
01-May-2017,6.81,4.69,2.03,12.02,9.99,14.13,1.2,0.36,-100
01-Jun-2017,6.81,4.67,2.23,12.02,9.8,14.32,1.05,0.4,-100
01-Jul-2017,6.7,4.58,2.15,11.93,9.78,14.55,1.03,0.45,-100
01-Aug-2017,6.82,4.72,2.13,12.03,9.9,14.74,1.22,0.52,-100
01-Sep-2017,6.75,4.76,1.9,12.03,10.13,14.64,0.98,0.59,-100
01-Oct-2017,6.62,4.58,1.81,11.94,10.14,14.5,0.85,0.66,-100
01-Nov-2017,6.69,4.65,1.78,11.92,10.14,14.49,0.78,0.73,-100
01-Dec-2017,6.32,4.51,1.89,10.69,8.8,14.57,0.72,0.79,-100
01-Jan-2018,6.16,4.71,1.37,10.88,9.5,14.63,0.28,0.86,-100
01-Feb-2018,6.18,4.83,1.32,10.8,9.49,14.76,0.25,0.93,-100
01-Mar-2018,6.2,4.83,1.5,10.5,9,14.81,0.4,1.02,-100
01-Apr-2018,6.14,4.79,1.4,9.66,8.26,14.83,0.14,1.12,-100
01-May-2018,6.32,4.83,1.53,9.98,8.45,14.79,0.32,1.2,-100
01-Jun-2018,6.24,4.84,1.53,9.74,8.21,14.61,0.06,1.28,-100
01-Jul-2018,6.05,4.75,1.45,8.65,7.2,14.42,-0.2,1.37,-100
01-Aug-2018,6.13,4.82,1.55,9.4,7.84,14.24,-0.34,1.44,-100
01-Sep-2018,6.05,4.83,1.36,9.4,8.05,14.17,-0.21,1.5,-100
01-Oct-2018,5.79,4.75,1.53,8.55,7.02,14.13,-0.33,1.6,-100
01-Nov-2018,6.1,4.8,1.73,9.51,7.78,13.91,-0.83,1.7,-100
01-Dec-2018,5.97,4.48,2.44,8.63,6.19,13.49,-1.07,1.8,-100
01-Jan-2019,5.92,4.77,2.25,9.78,7.54,12.93,-1.64,1.91,-100
01-Feb-2019,5.88,4.91,1.95,10.23,8.28,12.54,-2.52,1.98,-100
01-Mar-2019,5.98,4.71,2.19,10.22,8.03,12.54,-1.61,2.05,-100
01-Apr-2019,5.77,4.64,2.07,9.61,7.55,12.53,-1.42,2.12,-100
01-May-2019,6.06,4.53,2.4,10.08,7.68,12.52,-0.79,2.19,-100
01-Jun-2019,6.17,4.57,2.42,10.44,8.02,12.52,-0.96,2.23,-100
01-Jul-2019,5.79,4.51,2.24,9.51,7.27,12.51,-1.21,2.26,-100
01-Aug-2019,6.4,4.53,2.54,10.41,7.88,12.5,-1.36,2.26,-100
01-Sep-2019,6.31,4.6,2.39,10.22,7.83,12.49,-1.7,2.29,-100
01-Oct-2019,,,5.65,12.43,6.78,12.49,3.44,2.25,-100
01-Nov-2019,,,12.27,12.49,0.22,12.49,12.27,2.19,-100
01-Dec-2019,,,12.29,12.5,0.21,12.5,12.29,2.14,-100
