date,erp_01272014,erp_10142015,erp_11062015,erp_11132015,erp_12142015,erp_10062016,erp_08092017,erp_10092019,erp_11082019,erp_12122019,erp_02142020
01-Jan-1960,1.2,1.2,-1.7,-1.34,-1.36,-1.31,-1.19,-4.41,-3.85,-5.28,-7.08
01-Feb-1960,0.91,0.91,-1.43,-1.09,-1.11,-1.07,-0.95,-4.3,-3.12,-5.19,-6.98
01-Mar-1960,0.61,0.61,-1.13,-0.81,-0.83,-0.79,-0.68,-4.11,-2.39,-4.15,-5.74
01-Apr-1960,0.43,0.43,-1.01,-0.64,-0.65,-0.6,-0.45,-3.3,-2.87,-4.03,-5.6
01-May-1960,0.25,0.25,-0.82,-0.47,-0.48,-0.44,-0.29,-3.03,-1.91,-3.52,-5
01-Jun-1960,0.08,0.08,-0.59,-0.32,-0.33,-0.29,-0.2,-3.16,-1.83,-3.67,-5.2
01-Jul-1960,0.26,0.26,-0.3,0.01,0,0.04,0.17,-2.53,-2.1,-2.92,-4.3
01-Aug-1960,0.44,0.44,-0.09,0.17,0.16,0.2,0.3,-2.49,-1.46,-3.27,-4.73
01-Sep-1960,0.69,0.69,0.19,0.41,0.4,0.43,0.51,-2.38,-1.38,-3.22,-4.67
01-Oct-1960,0.95,0.95,0.45,0.67,0.66,0.68,0.77,-1.98,-1.17,-2.79,-4.16
01-Nov-1960,1.06,1.06,0.56,0.78,0.77,0.8,0.9,-1.57,-0.62,-1.94,-3.14
01-Dec-1960,1.22,1.22,0.74,0.93,0.92,0.95,1.03,-1.43,-0.45,-1.93,-3.15
01-Jan-1961,1.19,1.19,0.72,0.89,0.88,0.9,0.97,-1.43,-0.62,-2.22,-3.5
01-Feb-1961,1.16,1.16,0.7,0.87,0.86,0.88,0.95,-1.37,-0.46,-2.15,-3.41
01-Mar-1961,1.11,1.11,0.66,0.84,0.83,0.85,0.92,-1.31,-0.39,-1.89,-3.08
01-Apr-1961,1.01,1.01,0.57,0.75,0.74,0.76,0.83,-1.38,-0.67,-2,-3.2
01-May-1961,0.95,0.95,0.51,0.69,0.68,0.69,0.77,-1.46,-0.52,-1.93,-3.1
01-Jun-1961,0.87,0.87,0.45,0.63,0.62,0.63,0.71,-1.51,-0.57,-1.84,-2.98
01-Jul-1961,0.77,0.77,0.34,0.52,0.51,0.53,0.6,-1.63,-0.88,-2.38,-3.64
01-Aug-1961,0.62,0.62,0.25,0.39,0.38,0.39,0.44,-1.95,-1.01,-2.78,-4.12
01-Sep-1961,0.54,0.54,0.15,0.31,0.3,0.31,0.37,-2.04,-1.08,-2.85,-4.19
01-Oct-1961,0.41,0.41,0.02,0.2,0.19,0.21,0.28,-2.14,-1.31,-2.93,-4.27
01-Nov-1961,0.21,0.21,-0.15,0.02,0.01,0.02,0.08,-2.53,-1.55,-3.4,-4.82
01-Dec-1961,1.12,1.12,0.91,1.08,1.08,1.09,1.15,-0.48,0.26,-1.42,-2.57
01-Jan-1962,0.01,0.01,-0.36,-0.17,-0.18,-0.17,-0.1,0.19,0.96,-0.83,-2.06
01-Feb-1962,-0.01,-0.01,-0.44,-0.19,-0.21,-0.18,-0.09,0.44,1.22,-0.48,-1.64
01-Mar-1962,0.04,0.04,-0.4,-0.15,-0.16,-0.14,-0.03,0.61,1.43,-0.23,-1.35
01-Apr-1962,0.19,0.19,-0.27,-0.01,-0.03,0,0.11,0.8,1.4,-0.11,-1.21
01-May-1962,0.45,0.45,-0.03,0.23,0.22,0.25,0.37,1.22,1.93,1.2,0.38
01-Jun-1962,0.86,0.86,0.37,0.62,0.61,0.64,0.76,1.74,2.38,0.85,-0.09
01-Jul-1962,1.02,1.02,0.59,0.79,0.78,0.8,0.88,1.71,2.33,0.76,-0.2
01-Aug-1962,1.19,1.19,0.75,0.97,0.96,0.99,1.09,2.07,2.68,1.19,0.32
01-Sep-1962,1.42,1.42,0.99,1.19,1.19,1.21,1.3,2.28,2.88,1.42,0.6
01-Oct-1962,1.74,1.74,1.31,1.51,1.5,1.53,1.62,2.7,3.15,2.13,1.44
01-Nov-1962,1.82,1.82,1.42,1.61,1.6,1.63,1.71,2.7,3.23,1.99,1.27
01-Dec-1962,3.18,3.18,2.94,3.09,3.1,3.12,3.19,3.83,4.19,3.02,2.49
01-Jan-1963,2.04,2.04,1.68,1.84,1.84,1.86,1.93,2.88,3.3,2.27,1.61
01-Feb-1963,2.17,2.17,1.83,1.99,1.99,2.01,2.07,2.96,3.45,2.12,1.43
01-Mar-1963,2.29,2.29,1.98,2.12,2.12,2.14,2.18,3.04,3.51,2.13,1.44
01-Apr-1963,2.27,2.27,1.97,2.11,2.11,2.13,2.19,3.06,3.46,2.33,1.69
01-May-1963,2.24,2.24,1.95,2.1,2.1,2.12,2.18,3,3.49,2.37,1.73
01-Jun-1963,2.17,2.17,1.91,2.06,2.06,2.08,2.12,2.84,3.33,1.89,1.15
01-Jul-1963,2.2,2.2,1.99,2.12,2.12,2.14,2.17,2.79,3.26,1.77,1.01
01-Aug-1963,2.04,2.04,1.84,1.97,1.97,1.99,2.01,2.52,3.01,1.48,0.65
01-Sep-1963,1.84,1.84,1.65,1.79,1.78,1.8,1.82,2.3,2.81,1.24,0.37
01-Oct-1963,1.71,1.71,1.46,1.68,1.67,1.7,1.77,2.44,2.92,1.67,0.9
01-Nov-1963,1.71,1.71,1.52,1.68,1.68,1.7,1.73,2.27,2.79,1.24,0.37
01-Dec-1963,3.1,3.1,2.67,2.79,2.8,2.81,2.84,3.03,3.42,2.02,1.3
01-Jan-1964,2.07,2.07,1.36,1.51,1.51,1.52,1.56,2.03,2.58,1.01,0.09
01-Feb-1964,2.03,2.03,1.3,1.47,1.47,1.49,1.54,1.12,1.87,0.2,-0.97
01-Mar-1964,1.95,1.95,1.25,1.42,1.41,1.43,1.48,1.07,1.82,0.15,-1.01
01-Apr-1964,1.94,1.94,1.31,1.42,1.42,1.43,1.45,0.79,1.56,-0.19,-1.55
01-May-1964,1.95,1.95,1.24,1.43,1.43,1.45,1.52,1.25,2.01,0.41,-0.7
01-Jun-1964,1.96,1.96,1.33,1.45,1.44,1.45,1.48,1.15,1.86,0.18,-0.93
01-Jul-1964,1.89,1.89,1.27,1.4,1.39,1.4,1.44,1.11,1.83,0.16,-0.8
01-Aug-1964,1.95,1.95,1.32,1.46,1.46,1.47,1.51,1.14,1.88,0.22,-0.88
01-Sep-1964,1.9,1.9,1.27,1.42,1.41,1.43,1.47,1.19,1.92,0.28,-0.76
01-Oct-1964,1.86,1.86,1.25,1.38,1.37,1.38,1.42,1.13,1.86,0.2,-0.79
01-Nov-1964,1.84,1.84,1.23,1.37,1.37,1.38,1.43,1.13,1.86,0.21,-0.79
01-Dec-1964,2.82,2.82,2.77,2.93,2.94,2.96,3.03,2.86,3.36,2,1.2
01-Jan-1965,1.79,1.79,1.74,1.87,1.87,1.88,1.92,1.74,2.37,0.76,-0.21
01-Feb-1965,1.76,1.76,1.67,1.84,1.83,1.85,1.92,1.89,2.52,0.96,0.05
01-Mar-1965,1.77,1.77,1.68,1.85,1.84,1.86,1.93,1.99,2.6,1.06,0.17
01-Apr-1965,1.74,1.74,1.65,1.82,1.81,1.83,1.9,2.04,2.63,1.1,0.24
01-May-1965,1.72,1.72,1.59,1.81,1.8,1.83,1.93,2.24,2.83,2.24,1.62
01-Jun-1965,1.85,1.85,1.72,1.92,1.91,1.93,2.02,2.36,2.92,1.44,0.7
01-Jul-1965,1.92,1.92,1.77,2,1.99,2.01,2.12,2.63,3.09,1.84,1.2
01-Aug-1965,1.89,1.89,1.75,1.97,1.97,1.99,2.09,2.72,3.24,1.94,1.38
01-Sep-1965,1.87,1.87,1.75,1.96,1.95,1.97,2.06,2.63,3.14,1.71,1.18
01-Oct-1965,1.83,1.83,1.72,1.92,1.92,1.94,2.02,2.61,3.11,1.68,1.17
01-Nov-1965,1.79,1.79,1.67,1.9,1.89,1.91,2.01,2.73,3.23,1.85,1.4
01-Dec-1965,2.75,2.75,2.72,2.88,2.89,2.91,2.97,3.26,3.65,2.35,1.91
01-Jan-1966,1.76,1.76,1.67,1.87,1.87,1.89,1.96,2.53,3.02,1.57,1.1
01-Feb-1966,1.74,1.74,1.64,1.86,1.85,1.88,1.97,2.53,3.03,1.61,1.17
01-Mar-1966,1.86,1.86,1.74,1.97,1.96,1.99,2.09,2.96,3.42,2.08,1.7
01-Apr-1966,1.94,1.94,1.84,2.04,2.03,2.05,2.13,2.86,3.31,1.92,1.54
01-May-1966,2.12,2.12,2,2.2,2.19,2.21,2.3,3.17,3.59,2.24,1.93
01-Jun-1966,2.22,2.22,2.08,2.29,2.28,2.31,2.4,3.34,3.74,2.58,2.37
01-Jul-1966,2.27,2.27,2.17,2.36,2.36,2.37,2.45,3.4,3.74,2.47,2.25
01-Aug-1966,2.48,2.48,2.4,2.56,2.55,2.57,2.63,3.51,3.86,2.55,2.36
01-Sep-1966,3.46,3.46,3.53,3.64,3.63,3.65,3.67,4.99,4.71,3.64,3.73
01-Oct-1966,3.66,3.66,3.69,3.79,3.79,3.8,3.83,5.25,5.1,4.13,4.36
01-Nov-1966,4.06,4.06,4.19,4.25,4.24,4.25,4.26,5.78,5.33,4.46,4.85
01-Dec-1966,5.05,5.05,5.16,5.2,5.22,5.23,5.24,6.51,6.05,5.89,6.33
01-Jan-1967,4.52,4.52,4.63,4.66,4.66,4.67,4.66,6.36,5.82,5.84,6.48
01-Feb-1967,4.57,4.57,4.69,4.71,4.71,4.71,4.7,6.34,5.76,5.75,6.4
01-Mar-1967,4.54,4.54,4.66,4.67,4.67,4.67,4.66,6.31,5.77,5.73,6.36
01-Apr-1967,4.38,4.38,4.48,4.5,4.5,4.5,4.49,5.91,5.62,5.43,6.01
01-May-1967,4.25,4.25,4.37,4.38,4.38,4.38,4.37,5.81,5.55,5.36,5.91
01-Jun-1967,4.17,4.17,4.31,4.31,4.31,4.31,4.29,5.43,5.17,4.83,5.26
01-Jul-1967,3.76,3.76,3.86,3.89,3.89,3.89,3.9,5.01,5.03,4.55,4.88
01-Aug-1967,3.46,3.46,3.55,3.59,3.59,3.59,3.6,4.58,4.73,4.17,4.42
01-Sep-1967,3.03,3.03,3.09,3.15,3.15,3.15,3.17,3.86,4.27,3.46,3.48
01-Oct-1967,2.99,2.99,3.09,3.15,3.15,3.15,3.17,3.71,4.09,3.25,3.27
01-Nov-1967,2.87,2.87,2.98,3.06,3.06,3.07,3.09,3.67,3.96,2.94,2.84
01-Dec-1967,3.23,3.23,3.31,3.41,3.42,3.43,3.46,3.68,4.07,3.14,2.93
01-Jan-1968,2.42,2.42,2.45,2.57,2.57,2.58,2.62,3,3.67,2.72,2.49
01-Feb-1968,2.24,2.24,2.22,2.35,2.35,2.36,2.41,2.73,3.61,2.71,2.4
01-Mar-1968,2.17,2.17,2.13,2.27,2.27,2.28,2.34,2.58,3.63,2.72,2.4
01-Apr-1968,2.33,2.33,2.33,2.46,2.46,2.47,2.52,2.7,3.54,2.73,2.43
01-May-1968,2.32,2.32,2.35,2.48,2.48,2.49,2.54,2.73,3.49,2.65,2.34
01-Jun-1968,2.32,2.32,2.34,2.47,2.47,2.48,2.52,2.7,3.49,2.69,2.37
01-Jul-1968,2.5,2.5,2.5,2.63,2.64,2.65,2.69,2.9,3.6,2.77,2.42
01-Aug-1968,2.64,2.64,2.64,2.76,2.76,2.77,2.82,2.97,3.63,2.84,2.46
01-Sep-1968,2.61,2.61,2.62,2.74,2.74,2.75,2.79,2.86,3.58,2.79,2.4
01-Oct-1968,2.46,2.46,2.46,2.57,2.57,2.58,2.63,2.6,3.38,2.56,2.1
01-Nov-1968,2.54,2.54,2.57,2.67,2.67,2.68,2.72,2.63,3.3,2.47,2.01
01-Dec-1968,2.81,2.81,2.87,2.97,2.98,2.99,3.02,2.59,3.28,2.28,1.7
01-Jan-1969,2.21,2.21,2.2,2.31,2.32,2.32,2.37,2.04,2.86,1.88,1.22
01-Feb-1969,2.2,2.2,2.21,2.31,2.32,2.32,2.36,2.01,2.83,1.82,1.13
01-Mar-1969,2.23,2.23,2.26,2.35,2.35,2.36,2.39,1.98,2.79,1.67,0.93
01-Apr-1969,2.35,2.35,2.38,2.47,2.48,2.48,2.51,2.06,2.84,1.71,0.97
01-May-1969,2.35,2.35,2.41,2.49,2.49,2.49,2.52,1.91,2.67,1.65,0.92
01-Jun-1969,2.46,2.46,2.51,2.59,2.59,2.59,2.62,2.61,3.25,2.37,1.07
01-Jul-1969,2.63,2.63,2.69,2.76,2.76,2.76,2.78,2.94,3.52,2.72,1.46
01-Aug-1969,2.87,2.87,2.95,2.99,3,2.99,3.01,3.1,3.59,2.78,1.57
01-Sep-1969,2.97,2.97,3.11,3.13,3.13,3.12,3.12,2.98,3.4,2.54,1.36
01-Oct-1969,3.22,3.22,3.38,3.38,3.38,3.37,3.36,3.55,3.83,3.09,2.04
01-Nov-1969,3.47,3.47,3.67,3.65,3.65,3.64,3.62,3.66,3.84,3.16,2.22
01-Dec-1969,4.57,4.57,4.78,4.74,4.77,4.76,4.74,4.64,4.69,4.07,3.42
01-Jan-1970,4.06,4.06,4.37,4.28,4.29,4.27,4.21,4.38,4.26,3.74,3.11
01-Feb-1970,4.55,4.55,4.85,4.75,4.75,4.73,4.67,5.75,5.41,4.98,3.97
01-Mar-1970,4.81,4.81,5.13,5.01,5.01,4.99,4.92,5.87,5.5,5.06,4.13
01-Apr-1970,5.02,5.02,5.37,5.23,5.24,5.21,5.13,5.88,5.46,4.97,4.11
01-May-1970,5.45,5.45,5.83,5.66,5.67,5.64,5.54,6.61,6.07,5.71,5.02
01-Jun-1970,5.97,5.97,6.41,6.19,6.2,6.17,6.04,7.37,6.63,6.45,5.98
01-Jul-1970,6.39,6.39,6.84,6.62,6.62,6.6,6.47,7.94,7.08,6.84,6.51
01-Aug-1970,6.58,6.58,7.08,6.83,6.83,6.8,6.66,8.07,7.15,6.84,6.6
01-Sep-1970,6.68,6.68,7.2,6.93,6.94,6.9,6.75,8.15,7.25,6.93,6.69
01-Oct-1970,6.92,6.92,7.47,7.18,7.19,7.15,6.99,8.35,7.38,7.1,7.04
01-Nov-1970,7.21,7.21,7.74,7.44,7.45,7.42,7.26,8.94,7.93,7.7,7.75
01-Dec-1970,6.97,6.97,7.4,7.19,7.21,7.19,7.08,8.15,7.39,7.04,7.1
01-Jan-1971,7.48,7.48,8.02,7.72,7.73,7.69,7.53,9.08,8.04,7.72,7.87
01-Feb-1971,7.43,7.43,7.96,7.65,7.66,7.62,7.46,8.84,7.91,7.54,7.67
01-Mar-1971,7.45,7.45,7.94,7.65,7.66,7.62,7.47,8.92,8.06,7.58,7.3
01-Apr-1971,7.25,7.25,7.74,7.46,7.47,7.43,7.29,8.39,7.6,7.08,6.79
01-May-1971,6.92,6.92,7.43,7.15,7.17,7.13,6.98,7.96,7.29,6.66,6.4
01-Jun-1971,6.72,6.72,7.26,6.97,6.98,6.94,6.78,6.45,6.08,5.19,5.79
01-Jul-1971,6.48,6.48,7.01,6.74,6.75,6.7,6.55,6.1,5.82,4.87,5.27
01-Aug-1971,6.42,6.42,6.92,6.67,6.68,6.64,6.49,6.25,6.01,5.06,5.33
01-Sep-1971,6.37,6.37,6.84,6.61,6.62,6.58,6.46,6.18,6,5.04,5.18
01-Oct-1971,6.36,6.36,6.77,6.58,6.59,6.56,6.46,6.25,6.08,5.14,5.19
01-Nov-1971,6.41,6.41,6.78,6.61,6.62,6.6,6.5,6.27,6.14,5.19,5.2
01-Dec-1971,5.79,5.79,6.11,6.02,6.04,6.03,5.97,5.67,5.64,4.67,4.55
01-Jan-1972,6.08,6.08,6.46,6.31,6.32,6.3,6.22,5.84,5.76,4.8,4.71
01-Feb-1972,5.92,5.92,6.29,6.16,6.17,6.15,6.07,5.76,5.74,4.81,4.69
01-Mar-1972,5.82,5.82,6.18,6.06,6.07,6.05,5.97,5.61,5.62,4.72,4.57
01-Apr-1972,5.73,5.73,6.08,5.97,5.98,5.96,5.89,5.55,5.6,4.71,4.54
01-May-1972,5.72,5.72,6.05,5.94,5.95,5.93,5.87,5.62,5.67,4.83,4.65
01-Jun-1972,5.72,5.72,6.04,5.93,5.94,5.92,5.86,5.59,5.66,4.76,4.56
01-Jul-1972,5.74,5.74,6.04,5.95,5.96,5.94,5.88,5.65,5.72,4.79,4.55
01-Aug-1972,5.65,5.65,5.97,5.87,5.88,5.86,5.8,5.43,5.52,4.55,4.27
01-Sep-1972,5.58,5.58,5.91,5.8,5.81,5.79,5.72,5.41,5.51,4.5,4.16
01-Oct-1972,5.56,5.56,5.87,5.77,5.78,5.76,5.69,5.44,5.56,4.52,4.25
01-Nov-1972,5.48,5.48,5.78,5.67,5.68,5.66,5.59,5.26,5.42,4.45,4.03
01-Dec-1972,4.81,4.81,5.1,5.03,5.05,5.04,4.99,4.45,4.68,3.7,3.15
01-Jan-1973,5.23,5.23,5.55,5.4,5.42,5.39,5.3,4.7,4.97,4.16,3.55
01-Feb-1973,5.26,5.26,5.55,5.41,5.43,5.4,5.32,4.82,5.09,4.3,3.67
01-Mar-1973,5.31,5.31,5.57,5.46,5.47,5.45,5.38,4.96,5.23,4.36,3.74
01-Apr-1973,5.45,5.45,5.69,5.59,5.6,5.58,5.52,5.19,5.42,4.55,3.97
01-May-1973,5.55,5.55,5.79,5.68,5.69,5.67,5.61,5.27,5.49,4.64,4.11
01-Jun-1973,5.71,5.71,5.93,5.82,5.83,5.81,5.75,5.49,5.68,4.79,4.33
01-Jul-1973,5.69,5.69,5.93,5.81,5.82,5.8,5.73,5.28,5.49,4.57,4.16
01-Aug-1973,5.76,5.76,6,5.87,5.89,5.86,5.79,5.56,5.74,4.82,4.48
01-Sep-1973,5.9,5.9,6.11,5.98,5.99,5.97,5.9,5.79,5.93,5.1,4.85
01-Oct-1973,6.04,6.04,6.25,6.12,6.13,6.11,6.04,5.91,6.01,5.16,4.98
01-Nov-1973,6.45,6.45,6.61,6.46,6.48,6.46,6.38,6.43,6.47,5.94,5.47
01-Dec-1973,7.39,7.39,7.5,7.37,7.41,7.39,7.35,7.43,7.38,6.99,6.82
01-Jan-1974,6.95,6.95,7.08,6.9,6.91,6.89,6.8,7,6.98,6.9,6.83
01-Feb-1974,7.31,7.31,7.44,7.23,7.24,7.22,7.12,7.45,7.35,7.69,7.75
01-Mar-1974,7.42,7.42,7.58,7.34,7.36,7.32,7.21,7.39,7.27,7.74,8.21
01-Apr-1974,7.69,7.69,7.84,7.58,7.6,7.57,7.45,7.71,7.57,8.24,8.69
01-May-1974,7.95,7.95,8.11,7.83,7.85,7.82,7.69,8.09,7.9,8.42,9.59
01-Jun-1974,8.24,8.24,8.39,8.09,8.11,8.08,7.94,8.29,8.08,8.75,9.59
01-Jul-1974,8.84,8.84,8.95,8.63,8.65,8.62,8.48,9.04,8.77,9.74,10.6
01-Aug-1974,9.26,9.26,9.35,9.01,9.04,9,8.85,9.52,9.2,10.41,11.47
01-Sep-1974,10.04,10.04,10.09,9.74,9.76,9.72,9.57,10.75,10.32,11.66,13.25
01-Oct-1974,10.29,10.29,10.35,9.99,10.01,9.97,9.81,10.95,10.5,11.49,13.78
01-Nov-1974,10.49,10.49,10.56,10.18,10.2,10.16,10,11.08,10.63,11.58,13.47
01-Dec-1974,11.92,11.92,11.98,11.6,11.66,11.62,11.5,12.58,11.98,13.11,14.74
01-Jan-1975,11.27,11.27,11.42,10.94,10.97,10.92,10.7,11.55,10.99,12.31,14.58
01-Feb-1975,11.17,11.17,11.4,10.9,10.93,10.87,10.64,11.19,10.63,11.68,14.1
01-Mar-1975,11.14,11.14,11.45,10.92,10.95,10.88,10.63,10.8,10.26,11.33,13.24
01-Apr-1975,11.12,11.12,11.46,10.91,10.94,10.88,10.62,11.14,10.52,12.02,13.29
01-May-1975,11.14,11.14,11.54,10.96,10.99,10.92,10.64,10.71,10.16,11.72,13.77
01-Jun-1975,11.11,11.11,11.53,10.96,10.98,10.91,10.64,10.53,10.01,11.37,13.8
01-Jul-1975,11,11,11.44,10.88,10.9,10.83,10.56,10.34,9.83,11.12,13.25
01-Aug-1975,11.18,11.18,11.66,11.07,11.09,11.02,10.73,10.59,10.06,11.45,13.58
01-Sep-1975,11.13,11.13,11.61,11.02,11.04,10.97,10.67,10.35,9.88,11.33,13.25
01-Oct-1975,11.13,11.13,11.68,11.08,11.1,11.03,10.71,10.31,9.84,10.92,13.29
01-Nov-1975,10.96,10.96,11.49,10.92,10.94,10.87,10.57,9.96,9.57,10.55,12.32
01-Dec-1975,10.18,10.18,10.58,10.17,10.22,10.17,9.98,9.49,9.21,9.75,10.91
01-Jan-1976,10.68,10.68,11.22,10.69,10.71,10.64,10.35,9.26,8.97,9.71,11.13
01-Feb-1976,10.29,10.29,10.82,10.34,10.36,10.3,10.03,8.88,8.65,8.9,10.66
01-Mar-1976,10.02,10.02,10.49,10.06,10.08,10.03,9.79,8.71,8.56,8.59,10.06
01-Apr-1976,9.97,9.97,10.4,9.99,10.02,9.96,9.74,8.61,8.51,8.49,9.8
01-May-1976,9.9,9.9,10.33,9.93,9.96,9.9,9.68,8.5,8.41,8.35,9.74
01-Jun-1976,9.86,9.86,10.28,9.9,9.92,9.87,9.66,8.57,8.46,8.2,9.72
01-Jul-1976,9.85,9.85,10.26,9.87,9.89,9.84,9.63,8.55,8.47,8.45,9.42
01-Aug-1976,9.92,9.92,10.31,9.92,9.95,9.9,9.69,8.75,8.65,8.78,9.92
01-Sep-1976,9.95,9.95,10.36,9.95,9.98,9.92,9.71,8.68,8.58,8.74,10.07
01-Oct-1976,10.04,10.04,10.41,10.02,10.05,9.99,9.78,8.84,8.76,8.91,10.21
01-Nov-1976,9.96,9.96,10.31,9.95,9.97,9.92,9.73,9.01,8.91,8.71,10.34
01-Dec-1976,9.91,9.91,10.17,9.89,9.94,9.9,9.78,9.27,9.15,8.96,9.95
01-Jan-1977,9.75,9.75,10.06,9.72,9.74,9.69,9.51,8.55,8.6,8.29,9.5
01-Feb-1977,9.68,9.68,9.96,9.65,9.68,9.63,9.47,8.68,8.71,8.12,9.49
01-Mar-1977,9.71,9.71,9.97,9.66,9.68,9.64,9.48,8.84,8.89,8.56,9.34
01-Apr-1977,9.88,9.88,10.12,9.81,9.84,9.79,9.64,9.03,9.05,8.73,9.9
01-May-1977,9.93,9.93,10.16,9.85,9.87,9.83,9.67,9.18,9.21,8.92,10.06
01-Jun-1977,10.11,10.11,10.32,9.99,10.02,9.98,9.82,9.41,9.42,9.35,10.27
01-Jul-1977,10.19,10.19,10.41,10.08,10.11,10.07,9.9,9.4,9.36,9.21,10.43
01-Aug-1977,10.32,10.32,10.53,10.2,10.23,10.19,10.03,9.71,9.62,9.4,10.69
01-Sep-1977,10.51,10.51,10.71,10.37,10.4,10.36,10.19,9.85,9.74,9.55,10.78
01-Oct-1977,10.64,10.64,10.82,10.48,10.51,10.47,10.3,10.02,9.87,9.69,10.94
01-Nov-1977,10.75,10.75,10.96,10.6,10.62,10.58,10.4,10.15,9.97,9.84,11.14
01-Dec-1977,11.98,11.98,12.15,11.79,11.86,11.82,11.7,11.61,11.25,11.28,12.59
01-Jan-1978,11.08,11.08,11.28,10.89,10.91,10.87,10.68,10.5,10.25,10.19,11.43
01-Feb-1978,11.31,11.31,11.52,11.11,11.13,11.08,10.89,10.72,10.42,10.49,11.75
01-Mar-1978,11.5,11.5,11.72,11.29,11.31,11.26,11.05,10.81,10.46,10.55,11.97
01-Apr-1978,11.42,11.42,11.68,11.22,11.25,11.19,10.97,10.61,10.27,10.35,11.72
01-May-1978,11.31,11.31,11.61,11.13,11.16,11.1,10.87,10.34,10.01,10.11,11.43
01-Jun-1978,11.36,11.36,11.65,11.17,11.19,11.13,10.9,10.29,9.98,10.16,11.42
01-Jul-1978,11.35,11.35,11.64,11.16,11.18,11.12,10.89,10.38,10.07,10.27,11.6
01-Aug-1978,11.25,11.25,11.54,11.05,11.08,11.01,10.78,10.16,9.86,10.12,11.33
01-Sep-1978,11.28,11.28,11.56,11.07,11.1,11.04,10.79,10.07,9.78,10.11,11.35
01-Oct-1978,11.37,11.37,11.65,11.15,11.18,11.12,10.87,10.07,9.8,10.19,11.44
01-Nov-1978,11.63,11.63,11.87,11.38,11.4,11.34,11.09,10.53,10.22,10.72,12.04
01-Dec-1978,12.3,12.3,12.52,12.07,12.14,12.09,11.92,11.57,11.13,11.6,12.9
01-Jan-1979,11.43,11.43,11.7,11.21,11.24,11.18,10.93,10.3,9.98,10.4,11.8
01-Feb-1979,11.54,11.54,11.8,11.31,11.33,11.27,11.02,10.31,10.01,10.48,11.85
01-Mar-1979,11.41,11.41,11.68,11.21,11.24,11.18,10.93,10.17,9.86,9.94,11.22
01-Apr-1979,11.34,11.34,11.62,11.15,11.18,11.12,10.87,9.96,9.65,9.67,10.92
01-May-1979,11.38,11.38,11.62,11.17,11.2,11.15,10.91,10.3,9.96,10.05,11.28
01-Jun-1979,11.39,11.39,11.58,11.16,11.18,11.14,10.91,10.38,10.04,10.27,11.61
01-Jul-1979,11.37,11.37,11.56,11.14,11.17,11.12,10.9,10.27,9.93,10.15,11.55
01-Aug-1979,11.21,11.21,11.43,11,11.03,10.98,10.75,9.94,9.63,9.92,11.09
01-Sep-1979,10.99,10.99,11.19,10.79,10.82,10.77,10.56,9.79,9.49,9.75,11.03
01-Oct-1979,10.8,10.8,11.03,10.63,10.66,10.61,10.39,9.37,9.06,9.27,10.55
01-Nov-1979,10.65,10.65,10.91,10.52,10.54,10.5,10.28,9.52,9.21,9.27,10.79
01-Dec-1979,12.3,12.3,12.53,12.13,12.2,12.16,12.01,11.49,11.01,11.31,12.5
01-Jan-1980,10.3,10.3,10.62,10.23,10.26,10.22,9.99,8.72,8.44,8.49,9.59
01-Feb-1980,9.51,9.51,9.93,9.54,9.57,9.52,9.29,7.58,7.39,7.21,8.06
01-Mar-1980,9.76,9.76,10.14,9.77,9.79,9.75,9.52,8.22,7.99,7.78,8.95
01-Apr-1980,10.27,10.27,10.55,10.2,10.23,10.19,9.98,9.43,9.08,9.14,10.13
01-May-1980,10.51,10.51,10.75,10.42,10.45,10.41,10.22,9.49,9.1,9.17,10.34
01-Jun-1980,10.48,10.48,10.75,10.41,10.44,10.4,10.2,9.23,8.85,8.88,10.12
01-Jul-1980,10.18,10.18,10.52,10.17,10.19,10.15,9.94,8.65,8.27,8.32,9.3
01-Aug-1980,9.81,9.81,10.24,9.86,9.89,9.84,9.62,8.06,7.72,7.71,8.73
01-Sep-1980,9.56,9.56,10.01,9.64,9.67,9.62,9.39,7.77,7.45,7.42,8.32
01-Oct-1980,9.33,9.33,9.82,9.44,9.47,9.42,9.19,7.25,6.95,6.83,7.8
01-Nov-1980,8.87,8.87,9.45,9.04,9.07,9.02,8.76,6.76,6.51,6.3,7.23
01-Dec-1980,9.61,9.61,10.06,9.72,9.77,9.73,9.56,8.28,7.95,7.83,8.6
01-Jan-1981,8.84,8.84,9.39,9,9.02,8.97,8.73,6.77,6.51,6.24,7.04
01-Feb-1981,8.71,8.71,9.28,8.88,8.91,8.86,8.61,6.53,6.27,5.91,6.65
01-Mar-1981,8.46,8.46,9.03,8.65,8.67,8.62,8.38,6.37,6.14,5.76,6.51
01-Apr-1981,8.29,8.29,8.95,8.53,8.55,8.49,8.23,5.7,5.52,5.04,5.91
01-May-1981,8.14,8.14,8.81,8.38,8.4,8.34,8.07,5.98,5.8,5.37,6.03
01-Jun-1981,8.19,8.19,8.81,8.41,8.43,8.37,8.12,5.73,5.55,5.09,5.67
01-Jul-1981,7.89,7.89,8.51,8.12,8.14,8.09,7.84,5.36,5.22,4.74,5.31
01-Aug-1981,7.65,7.65,8.29,7.89,7.92,7.86,7.61,4.99,4.85,4.42,4.86
01-Sep-1981,7.95,7.95,8.54,8.14,8.16,8.11,7.86,5.42,5.22,4.86,5.49
01-Oct-1981,8.05,8.05,8.64,8.22,8.25,8.19,7.95,6.11,5.87,5.71,6.37
01-Nov-1981,8.67,8.67,9.14,8.75,8.77,8.72,8.49,6.95,6.64,6.68,7.48
01-Dec-1981,10.21,10.21,10.58,10.2,10.26,10.21,10.06,8.82,8.42,8.83,9.42
01-Jan-1982,8.17,8.17,9.38,8.93,8.95,8.89,8.64,7.17,6.81,7.2,8.4
01-Feb-1982,8.53,8.53,9.62,9.17,9.19,9.13,8.89,7.44,7.01,6.97,8.25
01-Mar-1982,9.14,9.14,10.16,9.7,9.72,9.66,9.41,7.8,7.28,7.39,8.38
01-Apr-1982,8.99,8.99,10.15,9.66,9.68,9.62,9.36,7.85,7.28,7.57,8.46
01-May-1982,9.4,9.4,10.37,9.87,9.9,9.83,9.56,8.08,7.49,7.72,9.06
01-Jun-1982,9.46,9.46,10.58,10.06,10.08,10.01,9.73,8.21,7.63,7.92,9.14
01-Jul-1982,9.92,9.92,10.9,10.37,10.39,10.32,10.04,8.83,8.17,8.5,9.84
01-Aug-1982,10.14,10.14,11.33,10.79,10.81,10.74,10.46,9.7,8.95,9.42,10.5
01-Sep-1982,10.05,10.05,11.16,10.62,10.65,10.58,10.3,9.53,8.87,9,10.52
01-Oct-1982,10.38,10.38,11.53,10.99,11.01,10.94,10.65,9.7,8.98,8.89,10.26
01-Nov-1982,10.42,10.42,11.53,10.98,11.01,10.93,10.64,9.21,8.54,8.65,9.4
01-Dec-1982,10.6,10.6,11.46,11.02,11.07,11.01,10.82,9.99,9.34,9.57,10.46
01-Jan-1983,9.91,9.91,11.34,10.81,10.84,10.76,10.48,8.88,8.21,8.28,9.75
01-Feb-1983,9.6,9.6,11.12,10.6,10.63,10.55,10.27,8.85,8.23,7.85,9.05
01-Mar-1983,10.24,10.24,10.93,10.42,10.45,10.37,10.09,8.21,7.65,6.91,8.35
01-Apr-1983,9.44,9.44,10.78,10.28,10.3,10.22,9.93,8.03,7.49,6.71,7.58
01-May-1983,9.17,9.17,10.37,9.93,9.95,9.88,9.62,7.49,7.05,6.25,6.61
01-Jun-1983,8.64,8.64,9.97,9.51,9.53,9.46,9.18,6.87,6.46,5.5,6.56
01-Jul-1983,8.31,8.31,9.65,9.17,9.2,9.12,8.82,6.02,5.71,4.6,5.3
01-Aug-1983,7.92,7.92,9.34,8.86,8.88,8.8,8.49,5.57,5.3,4.07,4.66
01-Sep-1983,7.9,7.9,9.14,8.75,8.77,8.71,8.46,6.12,5.92,5.03,4.25
01-Oct-1983,7.71,7.71,8.77,8.43,8.45,8.39,8.18,5.72,5.58,4.62,5.06
01-Nov-1983,7.59,7.59,8.61,8.28,8.3,8.25,8.05,5.88,5.77,5.5,5.04
01-Dec-1983,7.86,7.86,8.65,8.4,8.44,8.41,8.28,6.67,6.55,6.41,6.79
01-Jan-1984,7.15,7.15,8.41,8.11,8.13,8.08,7.89,5.8,5.72,5.69,6.37
01-Feb-1984,7.27,7.27,8.43,8.14,8.16,8.11,7.94,5.88,5.82,5.79,6.29
01-Mar-1984,7.43,7.43,8.33,8.03,8.05,8,7.83,5.72,5.67,5.71,6.37
01-Apr-1984,7.31,7.31,8.27,7.98,7.99,7.95,7.77,5.7,5.65,5.83,6.42
01-May-1984,7.2,7.2,8.18,7.86,7.88,7.83,7.65,5.37,5.32,5.79,6.18
01-Jun-1984,7.18,7.18,8.21,7.9,7.92,7.87,7.69,5.62,5.56,5.94,7.01
01-Jul-1984,7.44,7.44,8.38,8.07,8.09,8.04,7.87,6.34,6.24,6.83,7.64
01-Aug-1984,7.32,7.32,8.32,8.02,8.04,7.99,7.81,6.03,5.94,6.32,7.55
01-Sep-1984,7.46,7.46,8.42,8.11,8.12,8.08,7.9,6.22,6.12,6.56,7.46
01-Oct-1984,7.65,7.65,8.51,8.21,8.23,8.18,8.01,6.67,6.53,7.01,7.95
01-Nov-1984,7.97,7.97,8.68,8.38,8.4,8.36,8.19,6.79,6.64,7.05,8.13
01-Dec-1984,9.01,9.01,9.7,9.43,9.48,9.44,9.34,8.38,8.11,8.52,9.35
01-Jan-1985,7.7,7.7,8.76,8.45,8.47,8.42,8.25,6.97,6.81,7.24,8.29
01-Feb-1985,7.45,7.45,8.54,8.24,8.26,8.21,8.04,6.29,6.17,6.3,7.21
01-Mar-1985,7.47,7.47,8.51,8.2,8.22,8.17,7.99,6.42,6.28,6.28,7.12
01-Apr-1985,7.61,7.61,8.58,8.27,8.29,8.24,8.07,6.49,6.35,6.4,6.98
01-May-1985,7.58,7.58,8.52,8.24,8.25,8.21,8.05,6.81,6.66,6.7,7.44
01-Jun-1985,7.73,7.73,8.57,8.3,8.32,8.28,8.13,6.65,6.5,6.29,7.27
01-Jul-1985,7.57,7.57,8.44,8.18,8.19,8.15,7.99,6.32,6.2,6.02,6.6
01-Aug-1985,7.61,7.61,8.47,8.21,8.23,8.19,8.03,6.51,6.39,6.16,6.91
01-Sep-1985,7.59,7.59,8.36,8.13,8.14,8.1,7.96,6.55,6.43,6.51,6.75
01-Oct-1985,7.49,7.49,8.33,8.1,8.12,8.08,7.94,6.62,6.52,6.57,7.28
01-Nov-1985,7.42,7.42,8.27,8.04,8.06,8.02,7.88,6.53,6.44,6.46,7.14
01-Dec-1985,7.48,7.48,8.11,7.95,7.98,7.96,7.88,6.91,6.82,6.66,7.21
01-Jan-1986,7.2,7.2,8.16,7.94,7.96,7.92,7.79,6.41,6.34,6.32,6.88
01-Feb-1986,7.1,7.1,8.01,7.82,7.84,7.8,7.69,6.61,6.54,6.54,6.93
01-Mar-1986,7.3,7.3,7.9,7.75,7.77,7.73,7.64,6.65,6.6,6.55,7.13
01-Apr-1986,7.41,7.41,7.86,7.73,7.74,7.71,7.63,6.46,6.43,6.32,6.88
01-May-1986,7.04,7.04,7.62,7.49,7.51,7.48,7.39,5.98,6,5.78,6.27
01-Jun-1986,6.78,6.78,7.38,7.27,7.28,7.25,7.18,6.14,6.16,6.01,6.35
01-Jul-1986,7,7,7.4,7.31,7.32,7.29,7.23,6.11,6.13,5.93,6.35
01-Aug-1986,6.78,6.78,7.22,7.15,7.16,7.14,7.09,6.14,6.16,5.9,6.3
01-Sep-1986,6.72,6.72,7.11,7.04,7.06,7.03,6.98,5.87,5.92,5.58,5.94
01-Oct-1986,6.58,6.58,7.02,6.97,6.98,6.96,6.91,5.84,5.89,5.47,5.83
01-Nov-1986,6.44,6.44,6.88,6.85,6.86,6.84,6.8,5.74,5.8,5.39,4.92
01-Dec-1986,6.28,6.28,6.55,6.56,6.59,6.58,6.57,5.66,5.74,5.23,4.8
01-Jan-1987,5.83,5.83,6.42,6.44,6.45,6.44,6.43,5.3,5.42,4.92,4.38
01-Feb-1987,5.54,5.54,6.18,6.22,6.23,6.22,6.21,5.07,5.2,4.6,4.08
01-Mar-1987,5.49,5.49,5.95,6.02,6.03,6.03,6.03,4.74,4.9,4.21,3.66
01-Apr-1987,5.04,5.04,5.6,5.68,5.7,5.69,5.7,4.33,4.49,3.71,3.18
01-May-1987,4.69,4.69,5.35,5.44,5.45,5.45,5.46,4.12,4.33,3.11,2.94
01-Jun-1987,4.62,4.62,5.24,5.35,5.36,5.36,5.38,4,4.22,2.98,2.76
01-Jul-1987,4.35,4.35,4.99,5.13,5.14,5.14,5.17,3.66,3.82,2.62,2.35
01-Aug-1987,4.02,4.02,4.72,4.87,4.88,4.88,4.91,3.25,3.54,2.18,1.85
01-Sep-1987,3.64,3.64,4.4,4.56,4.57,4.58,4.61,2.88,3.19,1.79,1.36
01-Oct-1987,4.15,4.15,4.58,4.76,4.77,4.78,4.81,3.65,3.85,2.56,2.19
01-Nov-1987,4.85,4.85,5.05,5.24,5.25,5.27,5.31,4.13,4.34,3.06,2.71
01-Dec-1987,5.61,5.61,5.96,6.1,6.13,6.15,6.2,5.44,5.56,4.51,4.27
01-Jan-1988,4.76,4.76,5.2,5.41,5.42,5.43,5.48,4.74,4.82,3.69,3.4
01-Feb-1988,4.94,4.94,5.33,5.52,5.53,5.55,5.6,4.75,4.92,3.83,3.53
01-Mar-1988,5.15,5.15,5.33,5.52,5.53,5.54,5.6,4.63,4.81,3.72,3.44
01-Apr-1988,5.13,5.13,5.38,5.56,5.57,5.59,5.64,4.74,4.73,3.83,3.57
01-May-1988,5.22,5.22,5.52,5.69,5.7,5.71,5.76,4.88,5.05,4,3.77
01-Jun-1988,5.34,5.34,5.66,5.81,5.83,5.83,5.88,5.16,5.31,4.27,4.06
01-Jul-1988,5.5,5.5,5.81,5.94,5.96,5.96,6,5.24,5.26,4.4,4.21
01-Aug-1988,5.72,5.72,5.99,6.1,6.11,6.12,6.15,5.44,5.57,4.66,4.49
01-Sep-1988,5.92,5.92,6.16,6.26,6.28,6.28,6.31,5.76,5.86,5.04,4.93
01-Oct-1988,5.99,5.99,6.23,6.32,6.33,6.33,6.36,5.84,5.76,5.1,5
01-Nov-1988,6.12,6.12,6.38,6.43,6.45,6.44,6.45,5.74,5.85,4.94,4.86
01-Dec-1988,6.54,6.54,6.85,6.86,6.89,6.89,6.89,6.23,6.27,5.45,5.42
01-Jan-1989,5.94,5.94,6.43,6.44,6.45,6.44,6.42,5.59,5.69,4.73,4.63
01-Feb-1989,5.81,5.81,6.23,6.26,6.28,6.27,6.26,5.23,5.36,4.25,4.08
01-Mar-1989,5.79,5.79,6.12,6.17,6.18,6.17,6.16,5.23,5.38,4.25,4.07
01-Apr-1989,5.72,5.72,6.05,6.11,6.13,6.12,6.12,5.29,5.38,4.38,4.23
01-May-1989,5.7,5.7,6.01,6.07,6.08,6.08,6.07,5.25,5.39,4.32,4.16
01-Jun-1989,5.89,5.89,6.07,6.13,6.14,6.13,6.12,5.24,5.37,4.2,3.99
01-Jul-1989,5.72,5.72,5.94,6.01,6.03,6.02,6.01,5.13,5.27,4.06,3.82
01-Aug-1989,5.47,5.47,5.74,5.8,5.81,5.8,5.79,4.54,4.71,3.41,3.11
01-Sep-1989,5.34,5.34,5.63,5.67,5.69,5.68,5.64,4.23,4.4,3.02,2.66
01-Oct-1989,5.36,5.36,5.57,5.62,5.63,5.62,5.58,4.23,4.4,2.99,2.6
01-Nov-1989,5.32,5.32,5.51,5.57,5.59,5.58,5.55,4.22,4.4,2.98,2.58
01-Dec-1989,5.58,5.58,5.83,5.89,5.92,5.92,5.92,4.78,4.92,3.68,3.33
01-Jan-1990,5.07,5.07,5.34,5.41,5.43,5.42,5.39,3.82,4.02,2.56,2.11
01-Feb-1990,4.94,4.94,5.27,5.35,5.37,5.36,5.34,3.89,4.09,2.66,2.22
01-Mar-1990,4.85,4.85,5.19,5.28,5.3,5.29,5.28,3.83,4.04,2.64,2.22
01-Apr-1990,4.84,4.84,5.19,5.28,5.3,5.29,5.28,3.71,3.94,2.54,2.13
01-May-1990,4.69,4.69,5.14,5.24,5.26,5.26,5.25,3.92,4.15,2.8,2.41
01-Jun-1990,4.79,4.79,5.16,5.28,5.29,5.29,5.29,4,4.23,2.9,2.53
01-Jul-1990,4.84,4.84,5.2,5.32,5.34,5.33,5.34,4.14,4.36,3.07,2.71
01-Aug-1990,5.1,5.1,5.38,5.49,5.51,5.51,5.53,4.31,4.52,3.27,2.95
01-Sep-1990,5.29,5.29,5.58,5.67,5.68,5.68,5.69,4.63,4.81,3.78,3.52
01-Oct-1990,5.55,5.55,5.85,5.93,5.95,5.94,5.95,5.03,5.17,4.33,4.15
01-Nov-1990,5.7,5.7,6.05,6.13,6.14,6.14,6.15,5.34,5.46,4.78,4.67
01-Dec-1990,6.27,6.27,6.63,6.68,6.71,6.71,6.73,6.08,6.14,5.55,5.51
01-Jan-1991,5.85,5.85,6.35,6.4,6.41,6.41,6.4,5.66,5.72,5.23,5.21
01-Feb-1991,5.8,5.8,6.37,6.4,6.42,6.41,6.39,5.44,5.53,5.07,5.05
01-Mar-1991,5.68,5.68,6.32,6.35,6.36,6.35,6.33,5.38,5.48,4.93,4.88
01-Apr-1991,5.71,5.71,6.33,6.35,6.37,6.35,6.34,5.36,5.4,4.88,4.82
01-May-1991,5.72,5.72,6.4,6.4,6.41,6.4,6.37,5.31,5.41,4.87,4.81
01-Jun-1991,5.72,5.72,6.39,6.38,6.4,6.38,6.34,5.25,5.35,4.78,4.71
01-Jul-1991,5.71,5.71,6.42,6.4,6.41,6.39,6.36,5.28,5.38,4.8,4.74
01-Aug-1991,5.83,5.83,6.48,6.46,6.48,6.46,6.43,5.41,5.5,4.92,4.87
01-Sep-1991,6.01,6.01,6.63,6.59,6.6,6.58,6.54,5.55,5.62,5.1,5.09
01-Oct-1991,6.05,6.05,6.67,6.62,6.63,6.61,6.56,5.48,5.55,5,4.99
01-Nov-1991,6.15,6.15,6.7,6.66,6.67,6.65,6.6,5.49,5.57,4.94,4.92
01-Dec-1991,5.97,5.97,6.44,6.43,6.46,6.45,6.43,5.69,5.77,5.07,5
01-Jan-1992,5.76,5.76,6.53,6.51,6.52,6.5,6.46,5.19,5.3,4.5,4.42
01-Feb-1992,5.6,5.6,6.48,6.45,6.47,6.44,6.4,5.19,5.3,4.48,4.38
01-Mar-1992,5.68,5.68,6.33,6.31,6.33,6.3,6.27,5.04,5.17,4.28,4.14
01-Apr-1992,5.68,5.68,6.34,6.34,6.35,6.33,6.31,5.08,5.2,4.27,4.12
01-May-1992,5.73,5.73,5.97,6.01,6.02,6,6,5.25,5.39,4.43,4.3
01-Jun-1992,5.9,5.9,6.13,6.16,6.17,6.15,6.15,5.43,5.55,4.62,4.37
01-Jul-1992,6.08,6.08,6.29,6.32,6.33,6.31,6.32,5.67,5.73,4.87,4.7
01-Aug-1992,6.28,6.28,6.48,6.49,6.51,6.49,6.49,5.76,5.86,4.99,4.8
01-Sep-1992,6.39,6.39,6.57,6.59,6.6,6.58,6.59,5.95,6.04,5.19,5.04
01-Oct-1992,6.4,6.4,6.59,6.6,6.62,6.59,6.6,5.85,5.93,5.08,4.88
01-Nov-1992,6.21,6.21,6.44,6.44,6.46,6.44,6.43,5.71,5.82,4.97,4.77
01-Dec-1992,5.9,5.9,6.12,6.14,6.16,6.14,6.14,5.49,5.61,4.78,4.58
01-Jan-1993,6.1,6.1,6.33,6.35,6.36,6.34,6.34,5.94,6.03,5.21,4.9
01-Feb-1993,6.16,6.16,6.37,6.39,6.41,6.39,6.39,6.04,6.13,5.35,5.06
01-Mar-1993,6.41,6.41,6.59,6.61,6.62,6.61,6.61,6.02,6.11,5.31,5.01
01-Apr-1993,6.46,6.46,6.63,6.65,6.67,6.65,6.66,6.05,6.13,5.32,5.12
01-May-1993,6.38,6.38,6.56,6.59,6.6,6.58,6.59,5.92,6,5.2,5.02
01-Jun-1993,6.35,6.35,6.53,6.56,6.57,6.55,6.57,6.04,6.12,5.32,5.16
01-Jul-1993,6.41,6.41,6.58,6.61,6.63,6.61,6.62,6,6.08,5.28,5.12
01-Aug-1993,6.36,6.36,6.52,6.57,6.58,6.57,6.58,6.13,6.21,5.41,5.3
01-Sep-1993,6.45,6.45,6.59,6.64,6.66,6.64,6.67,6.07,6.16,5.36,5.24
01-Oct-1993,6.39,6.39,6.53,6.59,6.6,6.59,6.61,5.99,6.08,5.28,5.17
01-Nov-1993,6.24,6.24,6.4,6.46,6.48,6.47,6.49,5.76,5.87,4.99,4.91
01-Dec-1993,5.7,5.7,5.86,5.94,5.96,5.95,5.99,5.34,5.48,4.56,4.3
01-Jan-1994,6,6,6.15,6.24,6.25,6.25,6.28,5.75,5.87,4.96,4.76
01-Feb-1994,5.95,5.95,6.11,6.2,6.21,6.21,6.24,5.54,5.67,4.74,4.47
01-Mar-1994,6,6,6.17,6.24,6.26,6.25,6.27,4.89,5.07,4.04,4.16
01-Apr-1994,5.84,5.84,6.03,6.1,6.12,6.11,6.13,4.83,5.02,3.98,3.67
01-May-1994,5.76,5.76,5.97,6.04,6.05,6.04,6.06,4.84,5.02,4,3.7
01-Jun-1994,5.91,5.91,6.1,6.16,6.18,6.17,6.19,4.84,5.02,3.98,3.68
01-Jul-1994,5.86,5.86,6.04,6.12,6.13,6.12,6.14,5.54,5.67,4.72,3.95
01-Aug-1994,5.88,5.88,6.06,6.13,6.15,6.13,6.16,5.06,5.23,4.21,4.48
01-Sep-1994,5.87,5.87,6.06,6.12,6.14,6.13,6.15,4.9,5.08,4.04,3.74
01-Oct-1994,5.79,5.79,5.98,6.05,6.06,6.05,6.07,4.88,5.07,4.02,3.74
01-Nov-1994,5.83,5.83,6.01,6.07,6.09,6.08,6.1,4.94,5.13,4.09,3.8
01-Dec-1994,5.84,5.84,6,6.06,6.08,6.07,6.1,5.48,5.61,4.71,4.06
01-Jan-1995,5.94,5.94,6.1,6.15,6.17,6.16,6.18,5.65,5.78,4.88,4.18
01-Feb-1995,6.04,6.04,6.18,6.23,6.25,6.23,6.25,5.38,5.54,4.63,4.91
01-Mar-1995,6.26,6.26,6.37,6.42,6.43,6.42,6.44,5.8,5.93,5.05,4.41
01-Apr-1995,6.28,6.28,6.39,6.44,6.46,6.44,6.46,5.9,6.02,5.17,4.91
01-May-1995,6.42,6.42,6.51,6.55,6.57,6.56,6.58,6.3,6.4,5.58,5.43
01-Jun-1995,6.54,6.54,6.6,6.65,6.67,6.65,6.68,6.25,6.34,5.56,5.38
01-Jul-1995,6.35,6.35,6.42,6.48,6.5,6.49,6.52,6.03,6.15,5.27,5.1
01-Aug-1995,6.25,6.25,6.34,6.39,6.41,6.4,6.42,5.67,5.81,4.9,5.12
01-Sep-1995,6.21,6.21,6.28,6.35,6.37,6.35,6.38,5.4,5.56,4.61,4.49
01-Oct-1995,6.21,6.21,6.27,6.35,6.37,6.36,6.39,5.4,5.57,4.59,4.31
01-Nov-1995,6.08,6.08,6.15,6.24,6.25,6.25,6.29,5.4,5.57,4.56,4.28
01-Dec-1995,5.47,5.47,5.56,5.67,5.69,5.69,5.73,4.82,5.04,3.95,3.7
01-Jan-1996,5.86,5.86,5.93,6.05,6.06,6.06,6.11,5.07,5.26,4.16,3.82
01-Feb-1996,5.62,5.62,5.7,5.84,5.85,5.85,5.9,4.58,4.81,3.61,3.21
01-Mar-1996,5.37,5.37,5.48,5.62,5.64,5.64,5.69,4.4,4.65,3.37,2.93
01-Apr-1996,5.16,5.16,5.3,5.44,5.46,5.46,5.51,4.12,4.38,3.09,2.61
01-May-1996,4.95,4.95,5.1,5.26,5.27,5.27,5.33,3.94,4.22,2.87,2.35
01-Jun-1996,4.81,4.81,4.97,5.13,5.15,5.15,5.21,3.94,4.23,2.86,2.33
01-Jul-1996,4.9,4.9,5.03,5.21,5.22,5.22,5.28,3.99,4.28,2.91,2.32
01-Aug-1996,4.93,4.93,5.06,5.24,5.25,5.25,5.32,3.85,4.15,2.76,2.19
01-Sep-1996,4.78,4.78,4.92,5.1,5.12,5.12,5.18,3.96,4.25,2.87,2.32
01-Oct-1996,4.82,4.82,4.94,5.13,5.14,5.15,5.22,4.09,4.37,3.01,2.45
01-Nov-1996,4.86,4.86,4.96,5.16,5.17,5.17,5.25,4.19,4.46,3.1,2.55
01-Dec-1996,4.35,4.35,4.48,4.66,4.68,4.68,4.74,3.61,3.93,2.58,1.97
01-Jan-1997,4.51,4.51,4.64,4.84,4.86,4.86,4.93,3.81,4.12,2.7,2.07
01-Feb-1997,4.59,4.59,4.72,4.91,4.93,4.93,5,4.23,4.5,3.14,1.93
01-Mar-1997,4.51,4.51,4.64,4.84,4.85,4.86,4.93,4.08,4.36,2.98,2.27
01-Apr-1997,4.4,4.4,4.54,4.74,4.75,4.75,4.83,4.21,4.49,3.12,2.52
01-May-1997,4.32,4.32,4.47,4.67,4.68,4.68,4.76,4.04,4.32,2.92,2.31
01-Jun-1997,4.26,4.26,4.4,4.61,4.62,4.63,4.7,3.95,4.24,2.83,2.18
01-Jul-1997,4.14,4.14,4.28,4.5,4.51,4.52,4.6,3.97,4.26,2.84,2.2
01-Aug-1997,4.07,4.07,4.23,4.44,4.46,4.46,4.54,3.69,4,2.53,1.76
01-Sep-1997,3.93,3.93,4.09,4.31,4.33,4.33,4.42,3.63,3.94,2.45,1.72
01-Oct-1997,3.93,3.93,4.09,4.31,4.33,4.33,4.42,3.66,3.97,2.47,1.68
01-Nov-1997,3.88,3.88,4.02,4.26,4.27,4.28,4.37,3.54,3.86,2.33,1.55
01-Dec-1997,3.17,3.17,3.33,3.56,3.57,3.58,3.65,2.81,3.19,1.67,0.85
01-Jan-1998,3.76,3.76,3.9,4.15,4.16,4.17,4.27,3.46,3.79,2.24,1.41
01-Feb-1998,3.55,3.55,3.7,3.96,3.98,3.98,4.09,3.21,3.56,1.98,1.14
01-Mar-1998,3.37,3.37,3.52,3.79,3.8,3.81,3.92,2.97,3.34,1.72,0.84
01-Apr-1998,3.23,3.23,3.39,3.67,3.68,3.69,3.8,2.8,3.18,1.53,0.61
01-May-1998,3.15,3.15,3.32,3.6,3.61,3.62,3.73,2.77,3.15,1.48,0.52
01-Jun-1998,3.08,3.08,3.24,3.53,3.54,3.55,3.66,2.73,3.11,1.43,0.47
01-Jul-1998,3.05,3.05,3.21,3.5,3.51,3.52,3.63,2.61,3,1.3,0.29
01-Aug-1998,3.28,3.28,3.42,3.7,3.72,3.73,3.84,3.01,3.37,1.72,0.69
01-Sep-1998,3.53,3.53,3.63,3.91,3.93,3.94,4.06,3.4,3.74,2.13,1.26
01-Oct-1998,3.57,3.57,3.65,3.94,3.96,3.97,4.1,3.27,3.62,2.01,1.1
01-Nov-1998,3.29,3.29,3.41,3.7,3.72,3.73,3.85,3.1,3.46,1.84,0.91
01-Dec-1998,2.46,2.46,2.6,2.89,2.9,2.91,3.01,2.18,2.62,0.99,0.03
01-Jan-1999,3.1,3.1,3.22,3.53,3.55,3.56,3.68,2.91,3.29,1.64,0.67
01-Feb-1999,2.98,2.98,3.12,3.43,3.44,3.46,3.57,2.56,2.96,1.27,0.23
01-Mar-1999,2.86,2.86,3.02,3.33,3.34,3.36,3.47,2.58,2.99,1.3,0.24
01-Apr-1999,2.81,2.81,2.96,3.28,3.3,3.31,3.43,2.46,2.88,1.18,0.15
01-May-1999,2.64,2.64,2.82,3.14,3.15,3.17,3.29,2.32,2.75,1.05,-0.02
01-Jun-1999,2.43,2.43,2.63,2.95,2.97,2.98,3.11,2.22,2.66,0.94,-0.11
01-Jul-1999,2.46,2.46,2.65,2.98,2.99,3.01,3.14,2.13,2.58,0.85,-0.24
01-Aug-1999,2.36,2.36,2.54,2.88,2.9,2.92,3.05,2.09,2.55,0.81,-0.28
01-Sep-1999,2.39,2.39,2.57,2.92,2.93,2.95,3.09,2.14,2.6,0.87,-0.23
01-Oct-1999,2.24,2.24,2.44,2.79,2.8,2.82,2.96,2.04,2.51,0.77,-0.3
01-Nov-1999,2.19,2.19,2.39,2.75,2.76,2.78,2.92,1.85,2.33,0.57,-0.54
01-Dec-1999,1.3,1.3,1.51,1.86,1.86,1.89,2,0.88,1.46,-0.33,-1.46
01-Jan-2000,1.78,1.78,2.01,2.38,2.4,2.42,2.57,1.49,2.02,0.21,-0.96
01-Feb-2000,1.84,1.84,2.05,2.43,2.44,2.46,2.62,1.67,2.18,0.4,-0.75
01-Mar-2000,1.92,1.92,2.11,2.49,2.5,2.53,2.69,1.85,2.36,0.6,-0.53
01-Apr-2000,2.05,2.05,2.22,2.61,2.62,2.65,2.81,1.75,2.26,0.5,-0.39
01-May-2000,1.93,1.93,2.11,2.5,2.51,2.53,2.69,1.79,2.3,0.55,-0.59
01-Jun-2000,2.15,2.15,2.33,2.7,2.71,2.74,2.89,2.01,2.51,0.82,-0.39
01-Jul-2000,2.16,2.16,2.31,2.69,2.7,2.73,2.89,1.96,2.45,0.73,0.37
01-Aug-2000,2.21,2.21,2.35,2.73,2.74,2.77,2.93,2.13,2.61,0.91,-0.15
01-Sep-2000,2.85,2.85,2.95,3.27,3.27,3.3,3.46,2.65,3.09,1.5,-0.17
01-Oct-2000,2.39,2.39,2.5,2.87,2.88,2.91,3.07,2.24,2.72,1.05,0.37
01-Nov-2000,2.54,2.54,2.64,3,3.02,3.04,3.2,2.5,2.96,1.33,0.26
01-Dec-2000,2.78,2.78,2.87,3.17,3.17,3.19,3.31,2.67,3.11,1.62,0.3
01-Jan-2001,2.87,2.87,2.94,3.29,3.3,3.32,3.48,2.78,3.22,1.63,0.37
01-Feb-2001,3.11,3.11,3.17,3.49,3.51,3.53,3.68,3.09,3.5,1.95,0.95
01-Mar-2001,3.26,3.26,3.34,3.65,3.67,3.69,3.83,3.24,3.65,2.16,1.31
01-Apr-2001,3.44,3.44,3.49,3.79,3.81,3.82,3.97,3.25,3.64,2.14,1.45
01-May-2001,3.37,3.37,3.46,3.74,3.76,3.77,3.9,3.23,3.63,2.15,1.25
01-Jun-2001,3.76,3.76,3.85,4.1,4.1,4.12,4.24,3.54,3.92,2.51,1.4
01-Jul-2001,3.7,3.7,3.8,4.05,4.06,4.07,4.2,3.68,4.04,2.64,1.57
01-Aug-2001,4.01,4.01,4.09,4.32,4.34,4.34,4.47,3.98,4.31,2.95,2.13
01-Sep-2001,4.22,4.22,4.29,4.52,4.53,4.54,4.65,4.33,4.63,3.35,2.7
01-Oct-2001,4.52,4.52,4.58,4.77,4.79,4.79,4.89,4.68,4.93,3.78,3.87
01-Nov-2001,4.51,4.51,4.58,4.78,4.79,4.79,4.9,4.54,4.8,3.59,2.94
01-Dec-2001,4.78,4.78,4.86,4.97,4.95,4.95,5.02,4.55,4.78,3.69,2.43
01-Jan-2002,4.51,4.51,4.63,4.78,4.8,4.79,4.87,4.52,4.74,3.69,4.05
01-Feb-2002,4.75,4.75,4.85,5,5.01,5.01,5.08,4.85,5.04,4.03,3.41
01-Mar-2002,5.51,5.51,5.57,5.63,5.61,5.61,5.7,5.31,5.45,4.51,3.19
01-Apr-2002,5.11,5.11,5.21,5.32,5.34,5.33,5.39,4.96,5.13,4.15,3.64
01-May-2002,5.34,5.34,5.42,5.51,5.53,5.52,5.58,5.14,5.3,4.37,3.85
01-Jun-2002,5.81,5.81,5.85,5.91,5.91,5.9,5.98,5.61,5.74,4.88,4.3
01-Jul-2002,6.34,6.34,6.32,6.38,6.4,6.39,6.46,6.18,6.26,5.43,5.1
01-Aug-2002,6.71,6.71,6.66,6.69,6.71,6.69,6.76,6.54,6.59,5.89,5.57
01-Sep-2002,7.32,7.32,7.22,7.2,7.2,7.19,7.26,7.15,7.15,6.55,6.24
01-Oct-2002,7.29,7.29,7.21,7.2,7.22,7.19,7.24,7.13,7.12,6.57,7.08
01-Nov-2002,7.29,7.29,7.23,7.2,7.22,7.19,7.24,6.97,6.99,6.41,6.23
01-Dec-2002,7.49,7.49,7.44,7.35,7.33,7.31,7.36,7.27,7.26,6.75,5.92
01-Jan-2003,7,7,6.9,6.87,6.89,6.85,6.91,7.02,7.05,6.5,6.33
01-Feb-2003,8.1,8.1,7.95,7.86,7.88,7.84,7.89,7.51,7.5,7.01,6.9
01-Mar-2003,8.21,8.21,8.06,7.94,7.95,7.92,7.97,7.56,7.55,7.06,7.04
01-Apr-2003,8.09,8.09,7.95,7.84,7.87,7.83,7.87,7.54,7.55,7.08,7.91
01-May-2003,8.35,8.35,8.19,8.07,8.09,8.05,8.09,7.87,7.84,7.41,7.41
01-Jun-2003,9.39,9.39,9.15,8.94,8.91,8.88,8.94,8.73,8.6,8.29,7.37
01-Jul-2003,8.24,8.24,8.09,7.96,7.99,7.94,7.98,7.41,7.41,6.93,7.84
01-Aug-2003,8.1,8.1,7.98,7.84,7.86,7.82,7.84,7.42,7.42,6.97,6.94
01-Sep-2003,9.1,9.1,8.9,8.68,8.66,8.62,8.67,8.51,8.42,8.1,7.18
01-Oct-2003,8.19,8.19,8.05,7.91,7.93,7.89,7.92,7.51,7.53,7.08,8.33
01-Nov-2003,8.3,8.3,8.14,8.01,8.03,7.99,8.02,7.63,7.64,7.17,7.16
01-Dec-2003,8.48,8.48,8.31,8.13,8.11,8.08,8.14,7.91,7.85,7.41,6.28
01-Jan-2004,8.15,8.15,7.98,7.86,7.88,7.84,7.88,7.59,7.61,7.14,7.88
01-Feb-2004,8.19,8.19,8,7.89,7.91,7.87,7.91,7.65,7.67,7.19,7.17
01-Mar-2004,9.16,9.16,8.9,8.71,8.69,8.66,8.72,8.53,8.46,8.08,7.31
01-Apr-2004,8.11,8.11,7.94,7.82,7.85,7.8,7.85,7.43,7.47,6.95,7.56
01-May-2004,8.16,8.16,7.98,7.87,7.89,7.85,7.9,7.39,7.45,6.89,6.84
01-Jun-2004,8.5,8.5,8.29,8.14,8.13,8.1,8.16,7.75,7.78,7.26,6.77
01-Jul-2004,8.34,8.34,8.14,8.03,8.05,8.01,8.06,7.53,7.59,7.02,7.25
01-Aug-2004,8.52,8.52,8.31,8.18,8.21,8.17,8.22,7.76,7.8,7.29,7.25
01-Sep-2004,8.82,8.82,8.59,8.43,8.42,8.39,8.45,8.03,8.02,7.53,7.22
01-Oct-2004,8.61,8.61,8.38,8.26,8.28,8.24,8.29,7.86,7.88,7.36,7.59
01-Nov-2004,8.47,8.47,8.25,8.12,8.15,8.1,8.15,7.61,7.65,7.11,7.08
01-Dec-2004,7.62,7.62,7.49,7.38,7.39,7.36,7.4,6.91,6.98,6.35,6.09
01-Jan-2005,8.37,8.37,8.15,8.03,8.05,8.01,8.05,7.62,7.67,7.12,7.08
01-Feb-2005,8.38,8.38,8.16,8.04,8.06,8.02,8.06,7.54,7.58,7.02,6.96
01-Mar-2005,8.17,8.17,7.97,7.85,7.85,7.82,7.87,7.38,7.43,6.83,6.88
01-Apr-2005,8.59,8.59,8.36,8.22,8.24,8.2,8.24,7.8,7.82,7.29,6.78
01-May-2005,8.65,8.65,8.4,8.26,8.28,8.24,8.28,7.89,7.9,7.39,7.37
01-Jun-2005,8.24,8.24,8.02,7.9,7.92,7.89,7.94,7.47,7.51,6.92,7.37
01-Jul-2005,8.5,8.5,8.26,8.12,8.14,8.1,8.14,7.63,7.66,7.13,6.78
01-Aug-2005,8.54,8.54,8.29,8.15,8.17,8.13,8.17,7.77,7.78,7.26,7.22
01-Sep-2005,8.1,8.1,7.88,7.77,7.78,7.75,7.8,7.21,7.26,6.67,7.14
01-Oct-2005,8.6,8.6,8.33,8.19,8.21,8.17,8.21,7.65,7.66,7.13,6.56
01-Nov-2005,8.45,8.45,8.18,8.05,8.08,8.03,8.08,7.6,7.62,7.06,7.03
01-Dec-2005,7.19,7.19,7.06,6.99,7.01,6.98,7.02,6.5,6.6,5.92,6.31
01-Jan-2006,8.33,8.33,8.05,7.93,7.96,7.91,7.96,7.5,7.52,6.96,6.56
01-Feb-2006,8.29,8.29,8.01,7.89,7.92,7.87,7.92,7.48,7.52,6.97,6.9
01-Mar-2006,7.65,7.65,7.42,7.35,7.36,7.34,7.39,6.93,7.01,6.34,6.69
01-Apr-2006,8.1,8.1,7.83,7.72,7.75,7.71,7.75,7.22,7.27,6.69,6.13
01-May-2006,8.16,8.16,7.89,7.78,7.81,7.77,7.81,7.26,7.31,6.72,6.61
01-Jun-2006,7.58,7.58,7.35,7.29,7.31,7.28,7.33,6.7,6.8,6.12,6.7
01-Jul-2006,8.21,8.21,7.91,7.82,7.85,7.81,7.86,7.42,7.47,6.88,6
01-Aug-2006,8.3,8.3,7.99,7.9,7.93,7.89,7.94,7.56,7.59,7.04,6.99
01-Sep-2006,7.48,7.48,7.23,7.21,7.23,7.21,7.27,6.85,6.94,6.27,7
01-Oct-2006,8.18,8.18,7.86,7.8,7.82,7.79,7.86,7.51,7.54,6.93,6.49
01-Nov-2006,8.22,8.22,7.9,7.83,7.86,7.83,7.89,7.54,7.57,6.99,6.92
01-Dec-2006,7.08,7.08,6.89,6.87,6.89,6.87,6.92,6.41,6.51,5.81,6.01
01-Jan-2007,7.94,7.94,7.63,7.59,7.61,7.58,7.65,7.23,7.29,6.66,6.25
01-Feb-2007,8,8,7.68,7.64,7.67,7.64,7.71,7.35,7.4,6.79,6.66
01-Mar-2007,7.76,7.76,7.47,7.45,7.46,7.44,7.52,7.11,7.17,6.53,6.77
01-Apr-2007,8.04,8.04,7.71,7.68,7.7,7.67,7.75,7.38,7.42,6.8,6.45
01-May-2007,7.88,7.88,7.57,7.54,7.56,7.54,7.62,7.13,7.19,6.55,6.44
01-Jun-2007,7.43,7.43,7.17,7.16,7.17,7.16,7.24,6.8,6.88,6.18,6.25
01-Jul-2007,7.79,7.79,7.49,7.47,7.49,7.47,7.55,7.12,7.18,6.53,5.71
01-Aug-2007,7.97,7.97,7.66,7.64,7.66,7.64,7.72,7.31,7.36,6.72,6.61
01-Sep-2007,7.35,7.35,7.1,7.11,7.13,7.12,7.2,6.73,6.82,6.11,6.47
01-Oct-2007,7.81,7.81,7.51,7.5,7.52,7.5,7.58,7.1,7.17,6.51,5.75
01-Nov-2007,8.17,8.17,7.84,7.82,7.84,7.82,7.91,7.5,7.54,6.92,6.78
01-Dec-2007,7.07,7.07,6.89,6.91,6.92,6.91,6.98,6.45,6.55,5.81,6.08
01-Jan-2008,8.39,8.39,8.05,8.03,8.06,8.04,8.13,7.72,7.72,7.14,5.96
01-Feb-2008,8.49,8.49,8.15,8.13,8.16,8.13,8.23,7.9,7.89,7.3,7.22
01-Mar-2008,8.03,8.03,7.75,7.76,7.78,7.77,7.86,7.57,7.57,6.96,7.49
01-Apr-2008,8.58,8.58,8.27,8.24,8.27,8.24,8.33,7.91,7.87,7.32,7.01
01-May-2008,8.4,8.4,8.12,8.09,8.12,8.09,8.18,7.71,7.7,7.12,7.05
01-Jun-2008,7.9,7.9,7.68,7.67,7.69,7.68,7.76,7.34,7.36,6.73,7.18
01-Jul-2008,8.74,8.74,8.46,8.42,8.44,8.42,8.5,8.09,8.03,7.52,6.87
01-Aug-2008,8.69,8.69,8.42,8.37,8.4,8.37,8.45,8.11,8.06,7.57,7.59
01-Sep-2008,8.41,8.41,8.18,8.14,8.16,8.15,8.22,7.85,7.82,7.29,7.71
01-Oct-2008,9.53,9.53,9.24,9.14,9.16,9.13,9.2,8.87,8.75,8.38,7.86
01-Nov-2008,9.96,9.96,9.67,9.54,9.56,9.52,9.59,9.44,9.27,8.97,9.02
01-Dec-2008,10.08,10.08,9.88,9.72,9.74,9.7,9.76,10.15,9.88,9.7,10.13
01-Jan-2009,10.07,10.07,9.8,9.65,9.68,9.64,9.69,9.44,9.26,9.01,8.42
01-Feb-2009,10.51,10.51,10.25,10.06,10.09,10.04,10.08,9.84,9.63,9.43,9.46
01-Mar-2009,9.72,9.72,9.53,9.37,9.39,9.35,9.39,9.3,9.12,8.86,10.1
01-Apr-2009,10.23,10.23,10.04,9.83,9.86,9.8,9.83,9.62,9.4,9.22,10.19
01-May-2009,9.83,9.83,9.68,9.48,9.5,9.45,9.47,9.45,9.23,9.05,9.44
01-Jun-2009,10.34,10.34,10.15,9.88,9.86,9.82,9.85,10.01,9.73,9.62,9.41
01-Jul-2009,9.76,9.76,9.65,9.43,9.46,9.4,9.41,9.5,9.27,9.12,10.03
01-Aug-2009,9.81,9.81,9.71,9.47,9.5,9.44,9.44,9.6,9.36,9.24,9.61
01-Sep-2009,10.56,10.56,10.39,10.09,10.07,10.02,10.05,10.2,9.89,9.85,9.76
01-Oct-2009,10.24,10.24,10.1,9.85,9.88,9.82,9.82,9.82,9.56,9.47,10.19
01-Nov-2009,10.51,10.51,10.36,10.09,10.11,10.06,10.05,10.22,9.92,9.95,10.49
01-Dec-2009,10.22,10.22,10.08,9.81,9.81,9.76,9.78,9.7,9.45,9.39,9.41
01-Jan-2010,10.59,10.59,10.41,10.14,10.17,10.11,10.1,10.45,10.16,10.24,10.64
01-Feb-2010,10.59,10.59,10.39,10.13,10.16,10.11,10.11,10.53,10.23,10.29,10.78
01-Mar-2010,10.53,10.53,10.31,10.04,10.03,9.99,10.02,10.45,10.15,10.15,10.46
01-Apr-2010,10.64,10.64,10.43,10.18,10.21,10.16,10.16,10.33,10.06,10.06,10.35
01-May-2010,11.04,11.04,10.78,10.54,10.56,10.52,10.54,10.7,10.42,10.4,10.68
01-Jun-2010,11.15,11.15,10.84,10.6,10.59,10.56,10.61,10.95,10.64,10.6,11.14
01-Jul-2010,11.26,11.26,10.93,10.71,10.74,10.7,10.74,11.17,10.86,10.78,10.73
01-Aug-2010,11.58,11.58,11.22,11,11.03,10.99,11.03,11.56,11.2,11.15,11.57
01-Sep-2010,10.87,10.87,10.54,10.34,10.35,10.32,10.38,10.87,10.58,10.43,11.58
01-Oct-2010,11.38,11.38,11.01,10.81,10.83,10.79,10.85,11.3,10.99,10.88,11.47
01-Nov-2010,10.87,11.23,10.67,10.7,10.66,10.71,11.2,10.89,10.77,11.18,11.18
01-Dec-2010,10,10.23,9.79,9.79,9.76,9.8,10.08,9.83,9.6,9.86,9.86
01-Jan-2011,10.34,10.62,10.16,10.19,10.15,10.2,10.71,10.21,10,10.77,10.77
01-Feb-2011,10.11,10.38,9.94,9.97,9.93,9.98,10.55,10.07,9.83,10.21,10.21
01-Mar-2011,10.71,11.04,10.48,10.46,10.43,10.5,11.2,10.64,10.49,10.27,10.27
01-Apr-2011,10.43,10.73,10.25,10.28,10.24,10.29,10.86,10.33,10.13,10.56,10.56
01-May-2011,10.55,10.87,10.38,10.4,10.37,10.42,11.04,10.5,10.31,10.61,10.61
01-Jun-2011,10.82,11.17,10.6,10.59,10.57,10.64,11.2,10.64,10.47,10.71,10.71
01-Jul-2011,10.75,11.08,10.57,10.6,10.56,10.62,11.32,10.74,10.55,10.44,10.44
01-Aug-2011,11.46,11.86,11.27,11.29,11.26,11.33,12.18,11.5,11.41,11.74,11.74
01-Sep-2011,11.38,11.78,11.18,11.18,11.16,11.24,12.02,11.38,11.26,12.14,12.14
01-Oct-2011,11.47,11.88,11.29,11.31,11.28,11.35,12.19,11.49,11.41,11.74,11.74
01-Nov-2011,11.57,11.98,11.37,11.4,11.37,11.43,12.24,11.56,11.47,11.93,11.93
01-Dec-2011,10.92,11.21,10.71,10.72,10.69,10.74,11.37,10.81,10.69,11.39,11.39
01-Jan-2012,11.33,11.72,11.14,11.16,11.13,11.19,12.05,11.4,11.32,12.16,12.16
01-Feb-2012,11.25,11.64,11.06,11.09,11.06,11.12,11.88,11.25,11.16,11.65,11.65
01-Mar-2012,11.5,11.9,11.24,11.22,11.2,11.28,12.11,11.46,11.41,11.4,11.4
01-Apr-2012,11.35,11.73,11.15,11.18,11.14,11.2,12,11.36,11.28,11.45,11.45
01-May-2012,11.68,12.09,11.47,11.49,11.46,11.52,12.41,11.72,11.7,12.09,12.09
01-Jun-2012,11.55,11.96,11.32,11.31,11.29,11.36,12.13,11.49,11.43,12.28,12.28
01-Jul-2012,11.79,12.2,11.57,11.6,11.56,11.62,12.45,11.75,11.73,11.83,11.83
01-Aug-2012,11.63,12.03,11.42,11.44,11.41,11.46,12.32,11.64,11.59,12.11,12.11
01-Sep-2012,11.22,11.6,11.01,11.01,10.99,11.05,11.75,11.11,11.02,11.96,11.96
01-Oct-2012,11.6,11.99,11.39,11.41,11.38,11.43,12.15,11.48,11.4,11.34,11.34
01-Nov-2012,11.67,12.07,11.46,11.48,11.45,11.51,12.26,11.57,11.46,11.95,11.95
01-Dec-2012,10.64,10.9,10.45,10.46,10.43,10.47,10.93,10.43,10.22,11,11
01-Jan-2013,11.2,11.57,11.02,11.04,11.01,11.07,11.71,11.1,10.92,11.4,11.4
01-Feb-2013,11.11,11.48,10.94,10.96,10.93,10.99,11.72,11.1,10.92,11.34,11.34
01-Mar-2013,11.07,11.31,10.86,10.85,10.83,10.91,11.74,11.13,10.98,11.29,11.29
01-Apr-2013,11.14,11.37,10.98,11,10.97,11.04,11.82,11.2,11.03,11.98,11.98
01-May-2013,10.88,10.19,10.73,10.76,10.73,10.8,11.4,10.82,10.59,11.01,11.01
01-Jun-2013,11.24,11.2,11.03,11,10.98,11.07,11.71,11.1,10.93,10.65,10.65
01-Jul-2013,,14.5,10.22,10.25,10.22,10.3,10.91,10.39,10.09,10.64,10.64
01-Aug-2013,,,10.2,10.22,10.2,10.28,10.86,10.34,10.05,10.3,10.3
01-Sep-2013,,,10.25,10.24,10.23,10.32,11.01,10.49,10.22,10.41,10.41
01-Oct-2013,,,10.08,10.1,10.08,10.18,10.85,10.34,10.04,10.54,10.54
01-Nov-2013,,,9.88,9.91,9.89,9.99,10.64,10.16,9.82,10.18,10.18
01-Dec-2013,,,9.15,9.14,9.13,9.22,9.63,9.27,8.88,8.91,8.91
01-Jan-2014,,,9.65,9.67,9.66,9.78,10.58,10.1,9.74,10.25,10.25
01-Feb-2014,,,9.61,9.63,9.63,9.76,10.59,10.11,9.73,10.05,10.05
01-Mar-2014,,,9.83,9.82,9.82,9.96,10.83,10.33,10,9.83,9.83
01-Apr-2014,,,9.58,9.61,9.6,9.74,10.54,10.07,9.68,10.12,10.12
01-May-2014,,,9.6,9.62,9.62,9.76,10.56,10.09,9.72,9.95,9.95
01-Jun-2014,,,9.72,9.7,9.71,9.86,10.62,10.15,9.81,9.76,9.76
01-Jul-2014,,,9.48,9.5,9.51,9.65,10.33,9.89,9.5,9.91,9.91
01-Aug-2014,,,9.44,9.47,9.47,9.62,10.34,9.9,9.52,9.76,9.76
01-Sep-2014,,,9.33,9.59,9.6,9.75,10.4,9.95,9.61,9.32,9.32
01-Oct-2014,,,9.37,9.4,9.4,9.54,10.11,9.69,9.31,9.93,9.93
01-Nov-2014,,,9.19,9.21,9.21,9.35,9.91,9.5,9.12,9.26,9.26
01-Dec-2014,,,9.3,9.27,9.26,9.36,9.7,9.33,9.01,8.76,8.76
01-Jan-2015,,,9.29,9.31,9.31,9.45,10.06,9.64,9.32,9.84,9.84
01-Feb-2015,,,9.16,9.18,9.18,9.31,9.81,9.41,9.04,9.26,9.26
01-Mar-2015,,,9.17,9.53,9.54,9.67,10.29,9.85,9.54,9.22,9.22
01-Apr-2015,,,9.34,9.36,9.36,9.48,9.9,9.49,9.14,9.58,9.58
01-May-2015,,,9.15,9.17,9.16,9.29,9.78,9.38,9.01,9.18,9.18
01-Jun-2015,,,9.05,9.35,9.36,9.49,9.92,9.51,9.17,9.03,9.03
01-Jul-2015,,,9.03,9.11,9.1,9.23,9.7,9.31,8.94,8.94,8.94
01-Aug-2015,,,8.97,9.29,9.29,9.41,9.75,9.36,9.01,9.16,9.16
01-Sep-2015,,,7.57,,9.16,9.28,9.66,9.29,8.93,9.34,9.34
01-Oct-2015,,,14.79,,9.26,9.38,9.71,9.33,8.97,9.22,9.22
01-Nov-2015,,,,,9.12,9.24,9.58,9.21,8.83,9,9
01-Dec-2015,,,,,8.87,9.09,9.19,8.88,8.55,8.84,8.84
01-Jan-2016,,,,,8.8,9.47,9.9,9.49,9.21,8.89,8.89
01-Feb-2016,,,,,9,9.66,10.12,9.68,9.42,9.64,9.64
01-Mar-2016,,,,,8.32,9.16,9.6,9.24,8.87,9.59,9.59
01-Apr-2016,,,,,,9.67,10.12,9.7,9.38,9.39,9.39
01-May-2016,,,,,,9.68,10.13,9.7,9.4,9.65,9.65
01-Jun-2016,,,,,,9.58,10.09,9.67,9.37,9.85,9.85
01-Jul-2016,,,,,,9.79,10.33,9.87,9.6,9.65,9.65
01-Aug-2016,,,,,,9.75,10.32,9.86,9.6,9.78,9.78
01-Sep-2016,,,,,,9.52,10.06,9.64,9.34,9.85,9.85
01-Oct-2016,,,,,,9.74,10.33,9.86,9.57,9.8,9.8
01-Nov-2016,,,,,,9.61,10.04,9.6,9.28,9.54,9.54
01-Dec-2016,,,,,,8.97,9.44,9.09,8.77,8.96,8.96
01-Jan-2017,,,,,,9.29,9.76,9.36,9.04,9.57,9.57
01-Feb-2017,,,,,,9.18,9.74,9.34,8.96,9.2,9.2
01-Mar-2017,,,,,,,10.09,9.65,9.31,9.08,9.08
01-Apr-2017,,,,,,,9.98,9.55,9.21,9.52,9.52
01-May-2017,,,,,,,9.97,9.54,9.2,9.42,9.42
01-Jun-2017,,,,,,,10.01,9.57,9.23,9.32,9.32
01-Jul-2017,,,,,,,9.92,9.49,9.13,9.38,9.38
01-Aug-2017,,,,,,,10.02,9.59,9.28,9.49,9.49
01-Sep-2017,,,,,,,9.89,9.48,9.15,9.41,9.41
01-Oct-2017,,,,,,,9.81,9.4,9.04,9.57,9.57
01-Nov-2017,,,,,,,9.72,9.32,8.95,9.17,9.17
01-Dec-2017,,,,,,,9.18,8.86,8.49,8.47,8.47
01-Jan-2018,,,,,,,9.18,8.84,8.44,8.71,8.71
01-Feb-2018,,,,,,,9.2,8.85,8.44,8.52,8.52
01-Mar-2018,,,,,,,9.38,9.02,8.65,8.67,8.67
01-Apr-2018,,,,,,,9.42,9.05,8.7,8.78,8.78
01-May-2018,,,,,,,9.44,9.06,8.69,8.87,8.87
01-Jun-2018,,,,,,,9.26,8.93,8.55,8.85,8.85
01-Jul-2018,,,,,,,9.33,8.97,8.61,8.76,8.76
01-Aug-2018,,,,,,,9.32,8.96,8.61,8.78,8.78
01-Sep-2018,,,,,,,9.1,8.77,8.38,8.63,8.63
01-Oct-2018,,,,,,,9.39,9.01,8.66,8.15,8.15
01-Nov-2018,,,,,,,9.44,9.07,8.76,8.95,8.95
01-Dec-2018,,,,,,,9.08,8.77,8.45,9.05,9.05
01-Jan-2019,,,,,,,9.79,9.45,9.23,9.12,9.12
01-Feb-2019,,,,,,,9.7,9.37,9.12,9.4,9.4
01-Mar-2019,,,,,,,9.93,9.49,9.24,9.54,9.54
01-Apr-2019,,,,,,,9.64,9.37,9.11,9.09,9.09
01-May-2019,,,,,,,9,9.56,9.29,9.72,9.72
01-Jun-2019,,,,,,,8.14,8.64,8.26,9.96,9.96
01-Jul-2019,,,,,,,,,,9.22,9.22
01-Aug-2019,,,,,,,,,,10.08,10.08
01-Sep-2019,,,,,,,,,,10,10
