date,model01,model02,model03,model04,model05,model06,model07,model08,model09,model10,model11,model12,model13,model14,model15,model16,model17,model18,model19,model20,RF,recession,zeros,ModelNum
,historical mean as far back as data allows,historical mean using last five years,E/P minus nominal 10yr yield,Shiller: 1/CAPE minus nominal 10yr yield,E/P minus real 10yr yield,expected E/P minus real 10yr yield,expected E/P minus nominal 10yr yield,Two-stage DDM,6 stage DDM by Damodaran,6 stage free cash flow DDM by Damodaran,fama-french,fama-french and momentum,"fama-french, momentum and inflation","Adrian, Crump, and Moench",Time-series predictor is D/P,Best predictor in Goyal and Welch,Best predictor in Campbell and Thompson,Best predictor in Fama French 2002,Baker Wurgler sentiment measure,Duke survey of CFOs,,,,
01-Jan-1960,12.05,17.24,,,,,,,,,15.19,15.69,15.81,,6.6,13.24,13.71,,,,,-100,0,8
01-Feb-1960,12.11,17.81,,,,,,,,,15.15,15.65,15.77,,6.37,9.88,13.43,,,,,-100,0,8
01-Mar-1960,12.16,18.28,,,,,,,,,15.1,15.6,15.73,,6.29,28.94,13.49,,,,,-100,0,8
01-Apr-1960,12.22,18.72,,,,,,,,,15.04,15.54,15.66,,5.83,23.78,13.12,,,,,-100,0,8
01-May-1960,12.27,19.01,,,,,,,,,14.98,15.48,15.6,,5.74,28.39,13.21,,,,,100,0,8
01-Jun-1960,12.33,19.2,,,,,,,,,14.94,15.43,15.55,,4.97,19.67,12.02,,,,,100,0,8
01-Jul-1960,12.37,19.23,,,,,,,,,14.88,15.37,15.49,,4.41,28.88,11.12,,,,,100,0,8
01-Aug-1960,12.41,19.24,,,,,,,,,14.84,15.32,15.44,,3.82,16.77,10.19,,,,,100,0,8
01-Sep-1960,12.44,19.12,,,,,,,,,14.8,15.27,15.39,,3.21,12.41,8.46,,,,,100,0,8
01-Oct-1960,12.45,18.72,,,,,,,,,14.74,15.21,15.33,,2.8,15.16,7.31,,,,,100,0,8
01-Nov-1960,12.45,18.26,,,,,,,,,14.7,15.16,15.28,,2.13,25.9,5.43,,,,,100,0,8
01-Dec-1960,12.44,17.73,,,,,,,,,14.66,15.12,15.24,,1.71,20.95,4.15,,,,,100,0,8
01-Jan-1961,12.44,17.15,,,,,,,,,14.66,15.11,15.23,,1.52,13.57,3.07,,,,,100,0,8
01-Feb-1961,12.42,16.49,,,,,,,,,14.67,15.12,15.24,,0.96,13.71,1.2,,,,,100,0,8
01-Mar-1961,12.4,15.77,,,,,,,,,14.7,15.15,15.27,,1.29,18.74,1.87,,,,,-100,0,8
01-Apr-1961,12.37,15.06,,,,,,,,,14.74,15.18,15.3,,0.92,17.36,0.53,,,,,-100,0,8
01-May-1961,12.33,14.37,,,,,,,,,14.79,15.21,15.33,,0.69,19.55,-0.17,,,,,-100,0,8
01-Jun-1961,12.29,13.74,,,,,,,,,14.81,15.22,15.34,,0.48,21.03,-0.97,,,,,-100,0,8
01-Jul-1961,12.26,13.07,,,,,,,,,14.84,15.25,15.37,,0.68,13.4,-0.23,,,,2.9,-100,0,9
01-Aug-1961,12.22,12.24,,,,,,,,,14.86,15.27,15.39,,0.07,7.45,-2.19,,,,2.84,-100,0,9
01-Sep-1961,12.18,11.5,,,,,,,,,14.9,15.31,15.43,,0.19,8.07,-1.8,,,,3.04,-100,0,9
01-Oct-1961,12.15,10.72,,,,,,,,,14.95,15.36,15.48,,0.89,9.59,0.71,,,,2.94,-100,0,9
01-Nov-1961,12.11,10.09,,,,,,,,,15,15.41,15.53,,0.93,4.52,1,,,,2.93,-100,0,9
01-Dec-1961,12.07,9.45,,,,,,,2.92,2.92,15.03,15.44,15.55,,0.91,3.26,0.84,,,,3.03,-100,0,11
01-Jan-1962,12.04,8.88,1.38,1.31,,,,-0.25,,,15.03,15.43,15.55,,0.42,3.84,-0.85,,,,3.14,-100,0,12
01-Feb-1962,12.02,8.52,1.16,1.2,,,,-0.29,,,15.03,15.42,15.54,,0.8,10.26,0.04,,,,3.19,-100,0,12
01-Mar-1962,12.02,8.36,1.05,1.18,,,,-0.22,,,15.01,15.4,15.52,,1.89,12.58,2.48,,,,3.01,-100,0,12
01-Apr-1962,12.04,8.14,0.83,1.05,,,,-0.26,,,14.97,15.36,15.48,,2.58,11.03,3.32,,,,2.89,-100,0,12
01-May-1962,12.05,7.98,0.72,0.95,,,,-0.32,,,14.9,15.29,15.41,,2.78,32.64,2.94,,,,2.92,-100,0,12
01-Jun-1962,12.08,7.92,0.65,0.92,,,,-0.39,,,14.83,15.21,15.33,,3.08,12,3.53,,,,2.85,-100,0,12
01-Jul-1962,12.08,7.89,0.59,0.92,,,,-0.39,,,14.76,15.14,15.25,,2.53,6.5,1.88,,,,3.06,-100,0,12
01-Aug-1962,12.1,7.94,0.52,0.82,,,,-0.33,,,14.69,15.06,15.18,,3.1,12.52,3.27,,,,3.11,-100,0,12
01-Sep-1962,12.12,8.04,0.58,0.89,,,,-0.26,,,14.62,14.98,15.1,,2.98,11.03,2.73,,,,2.98,-100,0,12
01-Oct-1962,12.15,8.32,0.57,0.86,,,,-0.2,,,14.53,14.9,15.01,,3.63,18.88,4.37,,,,2.84,-100,0,12
01-Nov-1962,12.18,8.6,0.44,0.65,,,,-0.21,,,14.47,14.82,14.94,,4.11,15.23,5.77,,,,2.86,-100,0,12
01-Dec-1962,12.22,9.03,0.53,0.69,,,,-0.09,3.56,3.56,14.4,14.75,14.87,,3.66,12.56,4.24,,,,2.97,-100,0,14
01-Jan-1963,12.25,9.43,0.75,0.85,,,,0.01,,,14.36,14.7,14.82,,3.37,17.02,3.1,,,,3.02,-100,0,12
01-Feb-1963,12.26,9.63,0.69,0.72,,,,-0.02,,,14.3,14.64,14.76,,2.61,12.16,0.48,,,,2.87,-100,0,12
01-Mar-1963,12.27,9.87,0.76,0.71,,,,0.02,,,14.26,14.6,14.71,,2.02,8.78,-1.69,,,,2.84,-100,0,12
01-Apr-1963,12.26,10.14,1,0.89,,,,0.11,,,14.24,14.58,14.69,,1.58,14.14,-3.4,,,,2.98,-100,0,12
01-May-1963,12.24,10.29,1.44,1.28,,,,0.28,,,14.25,14.59,14.7,,1.18,16.07,-4.92,,,,2.95,-100,0,12
01-Jun-1963,12.2,10.17,2.18,1.94,,,,0.54,,,14.29,14.62,14.74,,0.99,7.56,-5.55,,,,3.03,-100,0,12
01-Jul-1963,12.14,9.85,2.09,1.83,,,,0.5,,,14.31,14.64,14.75,,1.07,4.5,-4.84,,,,3.06,-100,0,12
01-Aug-1963,12.08,9.62,1.94,1.67,,,,0.43,,,14.34,14.67,14.78,,1.02,0.63,-4.35,,,,3.26,-100,0,12
01-Sep-1963,12.02,9.45,1.98,1.7,,,,0.47,,,14.37,14.7,14.82,,0.45,-1.26,-6.74,,,,3.42,-100,0,12
01-Oct-1963,11.96,9.3,2.13,1.82,,,,0.55,,,14.42,14.75,14.86,,0.52,13.33,-6.1,,,,3.38,-100,0,12
01-Nov-1963,11.89,9.16,1.88,1.52,,,,0.55,,,14.43,14.75,14.87,,0.28,1.13,-6.82,,,,3.52,-100,0,12
01-Dec-1963,11.83,9.07,1.64,1.24,,,,0.48,3.38,3.38,14.44,14.76,14.87,,-0.32,-5.26,-9.63,,,,3.54,-100,0,14
01-Jan-1964,11.78,9.04,1.49,1.04,,,,0.45,,,14.45,14.76,14.88,,-0.4,-2.08,-10.19,,,,3.62,-100,0,12
01-Feb-1964,11.74,9.07,1.41,0.96,,,,0.46,,,14.47,14.78,14.89,,0.26,1.95,-7.68,-5.58,,,3.52,-100,0,13
01-Mar-1964,11.7,9.02,1.4,0.95,,,,0.5,,,14.48,14.79,14.9,,0.03,1.83,-8.41,-4.7,,,3.65,-100,0,13
01-Apr-1964,11.66,8.94,1.18,0.74,,,,0.5,,,14.48,14.78,14.9,,0.02,-6.31,-8.37,-4.89,,,3.76,-100,0,13
01-May-1964,11.63,9.03,1.16,0.69,,,,0.58,,,14.48,14.78,14.89,,0.57,7.91,-6,-0.7,,,3.62,-100,0,13
01-Jun-1964,11.63,9.29,1.27,0.76,,,,0.69,,,14.49,14.78,14.9,,1.92,-5.03,-1.31,6.48,,,3.62,-100,0,13
01-Jul-1964,11.67,9.8,1.37,0.82,,,,0.75,,,14.51,14.8,14.91,,4.3,-1.88,5.42,16.94,,,3.54,-100,0,13
01-Aug-1964,11.69,10.21,1.26,0.67,,,,0.72,,,14.5,14.79,14.91,,3.98,1.65,4.54,21.83,,,3.51,-100,0,13
01-Sep-1964,11.71,10.46,1.2,0.59,,,,0.72,,,14.51,14.8,14.91,,3.63,2.9,3.34,24.11,,,3.63,-100,0,13
01-Oct-1964,11.74,10.67,1.26,0.63,,,,0.75,,,14.52,14.8,14.92,,3.94,0.96,4.14,26.92,,,3.65,-100,0,13
01-Nov-1964,11.78,10.75,1.28,0.63,,,,0.75,,,14.53,14.81,14.92,,4.69,2.82,5.9,29.37,,,3.69,-100,0,13
01-Dec-1964,11.8,10.56,1.18,0.54,,,,0.67,3.31,3.31,14.53,14.81,14.92,11.42,3.71,8.04,2.71,28.56,,,3.96,-100,0,16
01-Jan-1965,11.81,10.3,1.07,0.43,,,,0.62,,,14.53,14.81,14.93,11.27,3.19,-0.05,0.66,27.16,,,3.75,-100,0,14
01-Feb-1965,11.83,9.98,1.04,0.36,,,,0.57,,,14.53,14.81,14.93,11.09,2.76,4.54,-1.21,26.01,,,3.81,-100,0,14
01-Mar-1965,11.84,9.71,1.04,0.31,,,,0.53,,,14.53,14.81,14.92,10.93,2.68,4.75,-1.73,25.34,,,3.92,-100,0,14
01-Apr-1965,11.85,9.47,1.02,0.25,,,,0.48,,,14.53,14.81,14.92,10.76,2.87,4.47,-1.11,25.03,,,3.85,-100,0,14
01-May-1965,11.86,9.15,1.01,0.2,,,,0.43,,,14.52,14.8,14.92,10.6,2.27,30.97,-3.47,24.61,,,3.83,-100,0,14
01-Jun-1965,11.87,8.84,1.13,0.28,,,,0.52,,,14.5,14.78,14.89,10.54,2.16,6.32,-4.38,24.2,,,3.86,-100,0,14
01-Jul-1965,11.87,8.6,0.98,0.13,,,,0.45,,,14.47,14.76,14.87,10.53,2.34,12.61,-3.92,23.73,,,3.78,-100,0,14
01-Aug-1965,11.89,8.42,1.07,0.14,,,,0.48,,,14.46,14.75,14.86,10.48,2.78,12.72,-2.63,23.94,,,3.8,-100,0,14
01-Sep-1965,11.9,8.26,0.95,0.02,,,,0.4,,,14.45,14.73,14.85,10.38,2.45,7.63,-3.94,23.51,,,3.93,-100,0,14
01-Oct-1965,11.9,8.21,0.86,-0.1,,,,0.34,,,14.44,14.73,14.84,10.25,2.16,6.73,-5.18,23.06,,,4.11,-100,0,14
01-Nov-1965,11.91,8.26,0.78,-0.17,,,,0.28,,,14.44,14.72,14.83,10.14,2.22,10.47,-4.86,22.73,,,4.12,-100,0,14
01-Dec-1965,11.92,8.38,0.74,-0.25,,,,0.2,3.32,3.32,14.44,14.72,14.83,9.99,2.53,4.43,-4.25,22.54,,,4.23,-100,0,16
01-Jan-1966,11.92,8.4,0.59,-0.39,,,,0.13,,,14.43,14.71,14.82,9.77,2.43,5.51,-5.02,21.91,,,4.73,-100,0,14
01-Feb-1966,11.92,8.51,0.27,-0.74,,,,-0.17,,,14.41,14.69,14.8,9.62,2.2,8.6,-6.51,21.35,,,4.66,-100,0,14
01-Mar-1966,11.91,8.65,0.63,-0.41,,,,0.21,,,14.39,14.67,14.78,9.56,2.18,10.57,-6.93,20.86,,,4.69,-100,0,14
01-Apr-1966,11.91,8.82,0.53,-0.52,,,,0.18,,,14.37,14.65,14.76,9.45,2.07,6.4,-7.71,20.35,,,4.6,-100,0,14
01-May-1966,11.9,8.99,0.5,-0.58,,,,0.21,,,14.34,14.62,14.73,9.44,2.01,7.67,-8.25,19.81,,,4.71,-100,0,14
01-Jun-1966,11.9,9.2,0.66,-0.5,,,,0.23,,,14.33,14.6,14.71,9.38,2.02,13.27,-8.51,19.3,,,4.9,-100,0,14
01-Jul-1966,11.88,9.27,0.65,-0.57,,,,0.21,,,14.3,14.57,14.68,9.25,2.21,8.52,-7.67,18.47,,,4.97,-100,0,14
01-Aug-1966,11.86,9.37,0.29,-0.95,,,,-0.11,,,14.24,14.52,14.62,9.22,1.81,5.28,-9.4,17.48,,,5.01,-100,0,14
01-Sep-1966,11.84,9.5,0.5,-0.74,,,,0.19,,,14.18,14.46,14.56,9.19,2.13,5.97,-8.41,16.84,4.09,,5.52,-100,0,15
01-Oct-1966,11.83,9.64,0.48,-0.76,,,,0.25,,,14.13,14.4,14.5,9.21,2.03,6.39,-8.92,16.33,4.37,,5.31,-100,0,15
01-Nov-1966,11.82,9.81,0.36,-0.94,,,,0.14,,,14.08,14.35,14.44,9.18,1.94,7.17,-9.61,15.85,6.12,,5.25,-100,0,15
01-Dec-1966,11.8,9.95,0.94,-0.42,,,,0.74,3.68,3.68,14.03,14.29,14.39,9.3,1.98,9.87,-9.5,15.34,6.61,,5.22,-100,0,17
01-Jan-1967,11.79,10.11,1.04,-0.36,,,,0.9,,,13.99,14.26,14.35,9.51,2.35,5.77,-8.14,14.94,7.27,,4.76,-100,0,15
01-Feb-1967,11.78,10.15,0.93,-0.5,,,,0.82,,,13.96,14.22,14.31,9.7,2.14,7.79,-9.33,14.49,6.8,,4.39,-100,0,15
01-Mar-1967,11.77,10.02,1.45,-0.08,,,,1.25,,,13.94,14.2,14.29,9.84,2.15,5.99,-9.46,13.95,5.46,,4.42,-100,0,15
01-Apr-1967,11.75,9.73,1.05,-0.45,,,,0.92,,,13.93,14.19,14.27,10.18,2.22,9.03,-9.07,13.13,5.39,,3.96,-100,0,15
01-May-1967,11.73,9.44,1.39,-0.23,,,,1.15,,,13.92,14.18,14.26,10.5,2.13,7.29,-9.38,12.48,4.61,,3.96,-100,0,15
01-Jun-1967,11.69,9.01,1.08,-0.58,,,,0.8,,,13.93,14.17,14.25,10.81,2,3.68,-10.07,11.46,1.82,,4.02,-100,0,15
01-Jul-1967,11.67,8.74,1.2,-0.48,,,,0.88,,,13.94,14.18,14.26,10.93,2.76,16.45,-6.65,10.77,0.47,,4.75,-100,0,15
01-Aug-1967,11.64,8.44,1.52,-0.25,,,,1.03,,,13.99,14.21,14.29,10.93,2.88,5.57,-6.39,10.13,-0.26,,4.89,-100,0,15
01-Sep-1967,11.6,7.96,1.75,-0.09,,,,1.12,,,14.04,14.25,14.33,10.94,2.65,4.29,-7.32,9.11,-4.05,,4.97,-100,0,15
01-Oct-1967,11.55,7.33,1.5,-0.33,,,,0.8,,,14.07,14.27,14.35,10.91,2.2,2.24,-9.16,7.84,-3.44,,5.09,-100,0,15
01-Nov-1967,11.49,6.6,1.08,-0.67,,,,0.47,,,14.09,14.29,14.37,10.98,1.88,7.36,-10.24,6.57,-6.14,,5.21,-100,0,15
01-Dec-1967,11.44,5.91,1.11,-0.63,,,,0.44,3.2,3.2,14.12,14.32,14.4,10.82,1.79,4.28,-10.64,5.57,-7.5,,5.48,-100,0,17
01-Jan-1968,11.39,5.26,1.03,-0.65,,,,0.37,,,14.11,14.31,14.39,10.65,1.89,2.69,-10.07,4.71,-8.99,,5.53,-100,0,15
01-Feb-1968,11.35,4.83,0.75,-0.81,,,,0.14,,,14.1,14.29,14.37,10.56,1.69,1.19,-10.99,4.01,-11.78,,5.1,-100,0,15
01-Mar-1968,11.31,4.5,0.37,-1.1,,,,-0.2,,,14.08,14.26,14.35,10.41,1.84,4.2,-10.05,3.55,-12.75,,5.22,-100,0,15
01-Apr-1968,11.29,4.34,0.25,-1.13,,,,-0.3,,,14.07,14.25,14.34,9.92,2.54,1.33,-7.22,3.39,-10.16,,5.24,-100,0,15
01-May-1968,11.26,4.25,-0.02,-1.3,,,,-0.54,,,14.08,14.26,14.34,9.26,2.19,4.56,-8.44,3.21,-8.48,,5.52,-100,0,15
01-Jun-1968,11.25,4.43,0.23,-1,,,,-0.32,,,14.08,14.26,14.34,8.53,3.1,3.78,-5.17,3.32,-7.06,,5.72,-100,0,15
01-Jul-1968,11.24,4.77,0.34,-0.8,,,,-0.15,,,14.06,14.24,14.32,8.11,3.33,4.9,-4.37,3.4,-5.97,,5.52,-100,0,15
01-Aug-1968,11.23,5.1,0.21,-0.88,,,,-0.25,,,14.05,14.23,14.31,7.84,3.48,2.64,-3.87,3.55,-4.72,,4.98,-100,0,15
01-Sep-1968,11.24,5.59,0.05,-0.99,,,,-0.39,,,14.05,14.22,14.3,7.56,4.65,3.81,-0.11,3.99,-2.59,,4.99,-100,0,15
01-Oct-1968,11.26,6.17,-0.07,-1.08,,,,-0.53,,,14.05,14.23,14.31,7.23,5.43,5.18,1.85,4.58,-0.36,,4.93,-100,0,15
01-Nov-1968,11.28,6.82,-0.05,-1.08,,,,-0.62,,,14.07,14.25,14.33,6.85,5.76,9.35,2.75,5.18,1.57,,5.14,-100,0,15
01-Dec-1968,11.28,7.28,-0.58,-1.56,,,,-1.07,3,3,14.08,14.25,14.33,6.45,4.9,9.8,0.58,5.46,3.31,,5.31,-100,0,17
01-Jan-1969,11.29,7.74,-0.58,-1.54,,,,-1.07,,,14.09,14.26,14.34,6.09,4.83,5.12,0.57,5.8,6.12,,5.97,-100,0,15
01-Feb-1969,11.29,8.01,-0.35,-1.36,,,,-0.97,,,14.09,14.26,14.34,5.67,4.2,8.75,-1.11,6,7.31,,5.91,-100,0,15
01-Mar-1969,11.27,8.13,-0.23,-1.28,,,,-0.94,,,14.1,14.27,14.35,5.35,3.71,6.47,-2.68,5.98,6.9,,6.32,-100,0,15
01-Apr-1969,11.24,8.19,-0.51,-1.5,,,,-1.04,,,14.09,14.26,14.34,5.15,3.38,12,-3.59,5.87,5.08,,6.09,-100,0,15
01-May-1969,11.23,8.22,-0.96,-1.94,,,,-1.45,,,14.08,14.24,14.32,5.04,3.17,8.94,-4.16,5.9,4.59,,6.04,-100,0,15
01-Jun-1969,11.21,8.08,-1.23,-2.19,,,,-1.69,,,14.05,14.21,14.29,4.92,2.91,7.36,-4.76,5.97,4.68,,6.52,-100,0,15
01-Jul-1969,11.2,7.77,-1.11,-2.06,,,,-1.61,,,14.01,14.17,14.24,4.65,3.11,7.31,-3.72,6.12,5.31,,7.48,-100,0,15
01-Aug-1969,11.19,7.5,-1.12,-2.1,,,,-1.71,,,13.97,14.13,14.2,4.29,2.87,8.01,-4.29,6.24,5.89,,7.44,-100,0,15
01-Sep-1969,11.17,7.16,-1.95,-2.9,,,,-2.46,,,13.92,14.08,14.15,4.01,2.66,13.4,-4.81,6.29,5.62,,7.47,-100,0,15
01-Oct-1969,11.15,6.79,-1.49,-2.4,,,,-1.94,,,13.89,14.04,14.11,3.82,2.5,12.17,0,6.39,5.41,,7.82,-100,0,15
01-Nov-1969,11.14,6.38,-1.89,-2.78,,,,-2.32,,,13.83,13.98,14.05,3.58,2.57,11.6,0,6.51,6.11,,7.41,-100,0,15
01-Dec-1969,11.14,6.21,-2.5,-3.39,,,,-2.94,3.74,3.74,13.78,13.92,14,3.43,3.06,12.48,0,6.7,6.96,,7.73,-100,0,17
01-Jan-1970,11.14,6.04,-2.1,-3.03,,,,-2.7,,,13.71,13.85,13.93,3.28,2.68,10.96,0,6.85,8.42,,8.2,100,0,15
01-Feb-1970,11.12,5.82,-1.21,-2.11,,,,-1.85,,,13.67,13.8,13.88,3.34,2.72,10.2,0,6.95,7.44,,8.03,100,0,15
01-Mar-1970,11.11,5.67,-1.24,-2.13,,,,-1.98,,,13.62,13.75,13.82,3.43,3.47,18.56,0,7.11,7.29,,6.88,100,0,15
01-Apr-1970,11.11,5.47,-2.07,-2.92,,,,-2.8,,,13.55,13.67,13.75,3.71,3.82,16.49,0.62,7.26,7.51,,6.66,100,0,15
01-May-1970,11.09,5.24,-2.38,-3.18,,,,-3.04,,,13.47,13.59,13.66,4.15,2.8,13.51,0,7.33,7.34,,7.52,100,0,15
01-Jun-1970,11.07,5.05,-1.8,-2.61,,,,-2.64,,,13.39,13.5,13.58,4.66,2.54,-3.43,0,7.39,7.2,,7.42,100,0,15
01-Jul-1970,11.04,4.73,-1.21,-2.03,,,,-2.22,,,13.34,13.44,13.52,5.3,2.2,-4.34,0,7.33,5.57,,7.18,100,0,15
01-Aug-1970,11,4.25,-1.27,-2.06,,,,-2.32,,,13.28,13.38,13.46,5.9,2.24,-3.76,0,7.2,3.77,,6.92,100,0,15
01-Sep-1970,10.97,3.88,-1.08,-1.85,,,,-2.15,,,13.24,13.34,13.41,6.49,2.57,-2.29,0,7.08,2.6,,6.75,100,0,15
01-Oct-1970,10.93,3.48,-1.16,-1.91,,,,-2.27,,,13.18,13.28,13.35,7.09,2.13,-3.64,0,6.91,1.27,,6.49,100,0,15
01-Nov-1970,10.89,3.04,-0.41,-1.07,,,,-1.5,,,13.14,13.23,13.31,7.95,1.79,-4.46,-4.46,6.71,0.21,,6.27,100,0,15
01-Dec-1970,10.84,2.57,-0.12,-0.73,,,,-1.42,3.41,3.41,13.11,13.21,13.28,8.83,1.58,-4.96,-4.96,6.48,-0.89,,5.04,-100,0,17
01-Jan-1971,10.79,2.08,0.31,-0.24,,,,-1.05,,,13.11,13.21,13.28,9.78,1.41,-5.23,-5.23,6.14,-2.44,,5,-100,0,15
01-Feb-1971,10.74,1.65,0.43,-0.03,,,,-1.07,,,13.1,13.2,13.28,10.66,2.01,-2.64,-2.64,5.84,-2.95,,4.18,-100,0,15
01-Mar-1971,10.69,1.2,0.88,0.52,,,,-0.58,,,13.11,13.21,13.28,11.44,2.05,-1.97,-1.97,5.49,-2.53,,3.67,-100,0,15
01-Apr-1971,10.65,0.83,0.47,0.22,,,,-1.11,,,13.15,13.25,13.32,11.87,2.37,-0.32,-0.32,5.19,-3.11,,3.86,-100,0,15
01-May-1971,10.59,0.41,0.97,0.77,,,,-1.12,,,13.2,13.3,13.38,12.13,2.04,-0.93,-0.93,4.8,-3.35,,4.72,-100,0,15
01-Jun-1971,10.52,-0.22,0.65,0.55,,,,-1.5,,,13.27,13.37,13.44,12.15,1.48,-2.38,-2.38,4.15,-3.56,,4.99,-100,0,15
01-Jul-1971,10.45,-0.72,0.44,0.44,,,,-1.74,,,13.3,13.41,13.48,11.93,2.24,0.65,0.65,3.56,-3.16,,5.99,-100,0,15
01-Aug-1971,10.39,-1.08,0.74,0.81,,,,-1.33,,,13.34,13.44,13.51,11.91,2.94,3.15,3.15,3.02,-3.57,,6.07,-100,0,15
01-Sep-1971,10.34,-1.45,0.56,0.74,,,,-1.31,,,13.35,13.46,13.53,11.9,2.99,3.72,3.72,2.51,-3.2,,5.22,-100,0,15
01-Oct-1971,10.29,-1.77,0.48,0.77,,,,-1.33,,,13.37,13.47,13.54,11.97,2.91,3.75,3.75,2.1,-3.35,,5.12,-100,0,15
01-Nov-1971,10.25,-2.07,0.34,0.76,,,,-1.49,,,13.37,13.47,13.54,12.03,2.72,3.59,3.59,1.7,-2.91,,4.36,-100,0,15
01-Dec-1971,10.21,-2.39,-0.11,0.41,,,,-1.64,3.09,3.09,13.38,13.48,13.55,12.08,2.56,3.57,3.57,1.26,-2.46,,4.63,-100,0,17
01-Jan-1972,10.19,-2.54,-0.6,-0.02,,,,-1.91,,,13.38,13.48,13.55,12.22,3.49,6.34,6.34,1.1,-2.36,,4.35,-100,0,15
01-Feb-1972,10.17,-2.6,-0.73,-0.17,,,,-1.93,,,13.38,13.49,13.56,12.23,3.67,6.93,6.93,1.07,-2.34,,4.29,-100,0,15
01-Mar-1972,10.18,-2.5,-0.91,-0.37,,,,-2.05,,,13.37,13.49,13.55,11.98,4.34,8.73,8.73,1.26,-1.46,,4.17,-100,0,15
01-Apr-1972,10.18,-2.31,-1.07,-0.56,,,,-2.12,,,13.36,13.48,13.54,11.95,4.08,8.34,8.34,1.5,-0.53,,5.02,-100,0,15
01-May-1972,10.2,-2.02,-0.88,-0.36,,,,-2,,,13.36,13.48,13.54,11.97,4.7,10.01,10.01,1.97,0.82,,4.52,-100,0,15
01-Jun-1972,10.24,-1.4,-0.85,-0.3,,,,-2.04,,,13.35,13.47,13.54,12.07,7.2,14.78,14.78,2.87,1.97,,4.66,-100,0,15
01-Jul-1972,10.28,-0.87,-0.75,-0.2,,,,-1.98,,,13.34,13.47,13.54,12.36,7.4,15.28,15.28,3.73,2.91,,5.08,-100,0,15
01-Aug-1972,10.31,-0.37,-0.91,-0.37,,,,-2.22,,,13.33,13.47,13.54,12.41,7.43,15.5,15.5,4.58,3.46,,4.78,-100,0,15
01-Sep-1972,10.34,0.17,-1.11,-0.61,,,,-2.34,,,13.32,13.47,13.53,12.29,6.9,14.58,14.58,5.24,4.08,,5.3,-100,0,15
01-Oct-1972,10.36,0.74,-0.83,-0.32,,,,-2.1,,,13.32,13.48,13.54,12.05,5.8,12.73,12.73,5.75,4.17,,5.44,-100,0,15
01-Nov-1972,10.37,1.26,-0.33,0.11,,,,-1.8,,,13.34,13.51,13.57,11.54,5.44,14.73,14.73,6.1,5.12,,5.42,-100,0,15
01-Dec-1972,10.36,1.63,-0.75,-0.39,,,,-2.01,2.72,2.72,13.33,13.51,13.58,10.96,5.37,9.58,9.58,6.27,5.65,,5.33,-100,0,17
01-Jan-1973,10.36,1.99,-1.02,-0.75,,,,-2.19,,,13.31,13.51,13.57,10.11,4.09,9.78,9.78,6.45,5.72,,5.66,-100,0,15
01-Feb-1973,10.36,2.32,-1.19,-0.91,,,,-2.29,,,13.28,13.49,13.55,9.23,3.38,8.21,8.21,6.62,5.55,,6.21,-100,0,15
01-Mar-1973,10.35,2.55,-1.37,-1.11,,,,-2.38,,,13.25,13.46,13.52,8.46,2.72,6.12,6.12,6.72,5.71,,6.4,-100,0,15
01-Apr-1973,10.35,2.66,-1.36,-1.12,,,,-2.32,,,13.2,13.43,13.49,7.68,2.29,5.65,5.65,6.79,5.59,,6.99,-100,0,15
01-May-1973,10.34,2.76,-1.49,-1.27,,,,-2.47,,,13.16,13.38,13.44,6.92,1.74,12.39,12.39,6.76,5.42,,6.76,-100,0,15
01-Jun-1973,10.33,2.73,-1.46,-1.27,,,,-2.44,,,13.11,13.34,13.4,6.03,1.93,8.06,8.06,6.74,5.19,,7.07,-100,0,15
01-Jul-1973,10.32,2.75,-1.86,-1.68,,,,-2.86,,,13.08,13.32,13.37,4.92,2.22,9,9,6.79,4.92,,7.59,-100,0,15
01-Aug-1973,10.31,2.73,-1.82,-1.68,,,,-2.72,,,13.04,13.28,13.33,3.74,2.33,11.35,11.35,6.82,5.13,,8.63,-100,0,15
01-Sep-1973,10.31,2.66,-1.34,-1.22,,,,-2.28,,,13.01,13.25,13.3,2.79,2.62,9.39,9.39,7.05,5.13,,8.29,-100,0,15
01-Oct-1973,10.31,2.42,-1.11,-1.01,,,,-2.03,,,12.98,13.22,13.27,2.13,2.28,10.7,10.7,7.11,4.78,,7.3,-100,0,15
01-Nov-1973,10.3,2.2,-1.27,-1.24,,,,-2.07,,,12.92,13.16,13.21,1.51,2.62,11.03,11.03,7.25,4.99,,7.11,-100,0,15
01-Dec-1973,10.32,2.32,-1.52,-1.54,,,,-2.26,4.3,4.3,12.86,13.1,13.15,1.24,3.39,12.81,12.81,7.78,5.45,,7.18,100,0,17
01-Jan-1974,10.33,2.31,-1.58,-1.66,,,,-2.31,,,12.81,13.05,13.09,0.99,2.35,12.78,12.78,8.08,5.07,,7.2,100,0,15
01-Feb-1974,10.33,2.31,-1.28,-1.42,,,,-2.15,,,12.77,13,13.04,0.97,1.74,13.7,13.7,8.22,4.5,,6.8,100,0,15
01-Mar-1974,10.32,2.34,-1.47,-1.67,,,,-2.42,,,12.72,12.95,12.99,0.78,1.49,11.96,11.96,8.13,3.72,,7.08,100,0,15
01-Apr-1974,10.3,2.39,-1.49,-1.76,,,,-2.53,,,12.66,12.9,12.94,0.61,1.16,8.6,8.6,7.88,3.41,,8.12,100,0,15
01-May-1974,10.27,2.29,-1.04,-1.39,,,,-2.21,,,12.61,12.84,12.88,0.5,1,4.07,4.07,7.53,3.56,,8.73,100,0,15
01-Jun-1974,10.25,2.15,-0.88,-1.31,,,,-2.15,,,12.55,12.78,12.82,0.69,1.11,2.65,2.65,7.12,4.65,,8.45,100,0,15
01-Jul-1974,10.21,1.9,-1.06,-1.6,,,,-2.32,,,12.48,12.71,12.75,1.47,1.04,-0.58,-0.58,6.63,4.96,,8.61,100,0,15
01-Aug-1974,10.19,1.71,-1,-1.56,,,,-2.36,,,12.39,12.62,12.67,2.03,1.11,-4.15,-4.15,6.21,5.16,,8.75,100,0,15
01-Sep-1974,10.15,1.51,-0.8,-1.48,,,,-2.14,,,12.29,12.52,12.56,3.01,0.6,-7.79,-7.79,5.63,5.03,,9.44,100,0,15
01-Oct-1974,10.12,1.33,-0.79,-1.51,,,,-2.02,,,12.2,12.44,12.48,3.9,0.77,-7.88,-7.88,5.18,5.18,,8.16,100,0,15
01-Nov-1974,10.09,1.16,0.05,-0.81,,,,-1.48,,,12.13,12.37,12.41,4.78,0.74,-2.93,-2.93,4.86,5.29,,7.79,100,0,15
01-Dec-1974,10.05,0.73,1.04,0.01,,,,-0.83,5.59,5.59,12.06,12.29,12.33,5.62,0.11,-3.62,-3.62,4.18,5.48,,7.41,100,0,17
01-Jan-1975,9.99,0.21,0.96,-0.14,,,,-0.97,,,12,12.23,12.27,6.75,-0.17,-6.65,-6.65,3.29,4.39,,7.14,100,0,15
01-Feb-1975,9.93,-0.23,1.34,0.26,,,,-0.73,,,11.95,12.18,12.23,7.73,-0.27,-6.25,-6.25,2.45,4.45,,6.24,100,0,15
01-Mar-1975,9.88,-0.73,0.5,-0.5,,,,-1.38,,,11.92,12.14,12.19,9,0.16,-2.27,-2.27,1.68,4.42,,5.92,100,0,15
01-Apr-1975,9.83,-1.13,0.73,-0.34,,,,-1.32,,,11.9,12.12,12.17,10.28,0.34,-4.71,-4.71,1.09,4.1,,6.42,-100,0,15
01-May-1975,9.78,-1.49,1.42,0.3,,,,-0.78,,,11.9,12.12,12.16,11.49,0.57,-11.25,-11.25,0.44,4.36,,6.83,-100,0,15
01-Jun-1975,9.73,-1.86,1.63,0.45,,,,-0.59,,,11.91,12.14,12.18,12.49,1,-14.87,-14.87,-0.17,3.97,,6.11,-100,0,15
01-Jul-1975,9.68,-2.06,2.82,1.42,,,,-0.02,,,11.93,12.15,12.19,12.85,1.36,-12.58,-12.58,-0.69,3.51,,6.8,-100,0,15
01-Aug-1975,9.62,-2.36,3.44,1.96,,,,0.35,,,11.96,12.18,12.22,13.66,1.2,-15.22,-15.22,-1.49,2.85,,7.27,-100,0,15
01-Sep-1975,9.55,-2.71,4.71,3.04,,,,0.91,,,12.01,12.23,12.27,13.97,1.49,-16.81,-16.81,-2.3,2.54,,7.34,-100,0,15
01-Oct-1975,9.47,-3.16,5.21,3.53,,,,1.28,,,12.04,12.26,12.3,14.17,1.16,-21.98,-21.98,-3.31,1.29,,7.52,-100,0,15
01-Nov-1975,9.39,-3.61,4.46,3.03,,,,0.76,,,12.08,12.3,12.34,14.59,0.49,-11.12,-11.12,-4.32,0.77,,6.34,-100,0,15
01-Dec-1975,9.32,-3.93,5.6,4.3,,,,1.51,4.13,4.13,12.13,12.35,12.39,14.82,1.78,-11.18,-11.18,-5.11,0.11,,6.57,-100,0,17
01-Jan-1976,9.25,-4.15,4.45,3.41,,,,0.8,,,12.17,12.39,12.43,14.87,3.22,-9.33,-9.33,-5.84,-0.7,,6.13,-100,0,15
01-Feb-1976,9.19,-4.34,3.15,2.47,,,,0.1,,,12.2,12.43,12.47,14.75,3.09,-8.31,-8.31,-6.43,-1.19,,5.56,-100,0,15
01-Mar-1976,9.15,-4.32,2.6,2.18,,,,-0.19,,,12.23,12.46,12.5,14.59,3.69,3.75,3.75,-6.73,-1.36,,6.32,-100,0,15
01-Apr-1976,9.11,-4.35,2.3,2.1,,,,-0.4,,,12.24,12.48,12.51,14.47,2.96,5.75,5.75,-7.01,-1.61,,6.09,-100,0,15
01-May-1976,9.08,-4.22,1.24,1.28,,,,-1.14,,,12.25,12.48,12.52,14.27,4.06,2.59,2.59,-7.14,-1.76,,5.99,-100,0,15
01-Jun-1976,9.06,-3.75,0.93,1.22,,,,-1.24,,,12.25,12.48,12.52,14.09,4.8,3.36,3.36,-7.03,-1.81,,6.63,-100,0,15
01-Jul-1976,9.05,-3.3,0.75,1.31,,,,-1.28,,,12.27,12.5,12.54,14.22,4.88,7.97,7.97,-6.88,-1.74,,6.4,-100,0,15
01-Aug-1976,9.06,-2.69,1.55,2.25,,,,-0.76,,,12.29,12.52,12.56,14.35,7.8,-0.02,-0.02,-6.39,-1.54,,6.12,-100,0,15
01-Sep-1976,9.07,-2.19,1.69,2.53,,,,-0.55,,,12.32,12.55,12.59,14.42,9.05,-3.66,-3.66,-5.99,-1.32,,5.89,-100,0,15
01-Oct-1976,9.09,-1.57,1.34,2.26,,,,-0.51,,,12.34,12.57,12.61,14.58,12.22,-2.1,-2.1,-5.34,-0.94,,5.75,-100,0,15
01-Nov-1976,9.12,-0.92,1.68,2.57,,,,-0.06,,,12.35,12.58,12.62,14.69,11.94,-0.7,-0.7,-4.64,-0.56,,5.53,-100,0,15
01-Dec-1976,9.15,-0.29,2.09,2.95,,,,0.34,4.55,4.55,12.37,12.61,12.65,14.85,11.1,9.23,9.23,0,-0.02,,4.98,-100,0,17
01-Jan-1977,9.19,0.26,0.82,1.54,,,,-0.46,,,12.36,12.6,12.64,14.96,13.05,9.28,9.28,0,0.71,,4.93,-100,0,15
01-Feb-1977,9.23,0.76,0.69,1.18,,,,-0.48,,,12.35,12.59,12.63,15.2,10.91,12.36,12.36,0,1.18,,5.67,-100,0,15
01-Mar-1977,9.25,0.98,0.91,1.18,,,,-0.29,,,12.33,12.58,12.61,15.58,8.56,20.4,20.4,0,1.85,,5.55,-100,0,15
01-Apr-1977,9.27,1.11,1.05,1.1,,,,-0.19,,,12.32,12.56,12.6,15.99,7.66,10.37,10.37,0,2.21,,5.41,-100,0,15
01-May-1977,9.29,1.11,1.37,1.29,,,,0.08,,,12.3,12.55,12.59,16.35,7.57,12.2,12.2,0,2.36,,5.51,-100,0,15
01-Jun-1977,9.29,0.75,1.69,1.46,,,,0.35,,,12.29,12.54,12.58,16.76,6.26,13.08,13.08,0,2.66,,5.76,-100,0,15
01-Jul-1977,9.29,0.39,1.46,1.09,,,,0.08,,,12.27,12.53,12.57,17.08,5.79,7.19,7.19,0,2.6,,5.63,-100,0,15
01-Aug-1977,9.29,0.08,1.77,1.34,,,,0.34,,,12.25,12.52,12.55,17.3,5.86,10.01,10.01,0,2.75,,6.08,-100,0,15
01-Sep-1977,9.31,-0,1.55,1.06,,,,0.14,,,12.23,12.5,12.53,17.46,7.6,13.79,13.79,0.13,3.12,,6.23,-100,0,15
01-Oct-1977,9.33,0.06,1.75,1.19,,,,0.17,,,12.2,12.48,12.51,17.44,7.91,14.93,14.93,0.62,3.53,,6.51,-100,0,15
01-Nov-1977,9.34,0.05,2.01,1.34,,,,0.33,,,12.18,12.46,12.49,17.36,6.88,15.87,15.87,0.88,3.58,,6.92,-100,0,15
01-Dec-1977,9.34,0.07,1.57,0.84,,,,-0.02,5.92,5.92,12.15,12.44,12.47,17.27,6.45,16.85,16.85,1.08,4.15,,6.76,-100,0,17
01-Jan-1978,9.36,0.19,1.61,0.8,,,,-0.11,,,12.12,12.41,12.44,17.18,6.75,19.79,19.79,1.39,4.1,,6.89,-100,0,15
01-Feb-1978,9.35,0.13,1.83,1.04,,,,-0.02,,,12.08,12.38,12.41,17.06,4.8,16.88,16.88,1.47,3.61,,7.11,-100,0,15
01-Mar-1978,9.33,-0.01,1.81,1.03,,,,-0.07,,,12.06,12.36,12.39,16.97,4.05,13.43,13.43,1.4,3.29,,7.15,-100,0,15
01-Apr-1978,9.31,-0.16,1.94,1.16,,,,0.01,,,12.05,12.35,12.38,16.75,3.95,15.88,15.88,1.32,3.05,,7.26,-100,0,15
01-May-1978,9.29,-0.31,1.9,1.06,,,,-0.08,,,12.04,12.35,12.37,16.55,3.8,16.44,16.44,1.18,2.93,,7.52,-100,0,15
01-Jun-1978,9.27,-0.45,1.76,0.88,,,,-0.24,,,12.02,12.34,12.36,16.28,4.04,14.76,14.76,1.06,3.15,,7.78,-100,0,15
01-Jul-1978,9.25,-0.62,1.84,0.9,,,,-0.18,,,12.02,12.34,12.36,16,4.03,11.18,11.18,0.94,3.09,,8.18,-100,0,15
01-Aug-1978,9.22,-0.81,2.37,1.35,,,,0.2,,,12.03,12.36,12.38,15.61,3.67,10.66,10.66,0.79,2.84,,8.17,-100,0,15
01-Sep-1978,9.2,-1.12,2.47,1.37,,,,0.14,,,12.04,12.37,12.39,15.02,3.97,6.32,6.32,0.63,2.71,,8.24,-100,0,15
01-Oct-1978,9.16,-1.41,2.47,1.28,,,,-0.09,,,12.03,12.36,12.38,14.52,3.68,3.23,3.23,0.4,2.51,,8.62,-100,0,15
01-Nov-1978,9.13,-1.73,2.56,1.38,,,,-0.03,,,12.02,12.36,12.37,13.87,4.5,0.68,0.68,0.2,2.35,,9.49,-100,0,15
01-Dec-1978,9.1,-2.21,2.39,1.18,,,,-0.34,5.72,5.72,12.02,12.35,12.36,13.01,4.98,-1.61,-1.61,0.03,1.87,,9.69,-100,0,17
01-Jan-1979,9.07,-2.66,3.12,1.87,,,,0.03,,,12.03,12.37,12.37,12.04,4.58,-0.41,-0.41,0,1.62,,10.28,-100,0,15
01-Feb-1979,9.03,-3.08,3.08,1.89,,,,-0.17,,,12.03,12.38,12.38,11.09,5.08,0.68,0.68,0,1.43,,9.8,-100,0,15
01-Mar-1979,8.99,-3.39,3.17,2.06,,,,-0.15,,,12.05,12.39,12.39,10,5.88,-14.45,-14.45,0,1.25,,9.91,-100,0,15
01-Apr-1979,8.95,-3.63,2.43,1.45,,,,-0.66,,,12.05,12.39,12.4,8.96,6.19,-14.3,-14.3,0,1.05,,9.69,-100,0,15
01-May-1979,8.92,-3.73,2.26,1.32,,,,-0.68,,,12.04,12.39,12.39,8.03,6.78,-13.19,-13.19,0,0.74,,9.82,-100,0,15
01-Jun-1979,8.9,-3.72,2.58,1.66,,,,-0.44,,,12.05,12.39,12.39,7.35,7.14,-9.02,-9.02,0,0.73,,9.57,-100,0,15
01-Jul-1979,8.88,-3.68,2.54,1.6,,,,-0.59,,,12.05,12.39,12.39,6.66,7.31,-7.41,-7.41,0,0.69,,8.93,-100,0,15
01-Aug-1979,8.86,-3.69,1.68,0.74,,,,-1.21,,,12.05,12.39,12.39,6,7.38,-6.62,-6.62,0,0.66,,9.34,-100,0,15
01-Sep-1979,8.84,-3.47,1.59,0.62,,,,-1.35,,,12.05,12.39,12.39,5.38,8.23,-7.3,-7.3,0,0.77,,10.05,-100,0,15
01-Oct-1979,8.84,-3.28,0.78,-0.23,,,,-2.3,,,12.07,12.4,12.4,4.44,8.88,-9.25,-9.25,0,0.61,,10.48,-100,0,15
01-Nov-1979,8.83,-3.16,2.1,0.82,,,,-1.42,,,12.09,12.42,12.42,3.63,9.82,-12.3,-12.3,0,0.64,,12.31,-100,0,15
01-Dec-1979,8.81,-2.97,2.24,0.77,,,,-1.24,6.45,6.45,12.11,12.44,12.43,2.83,9.98,-19.14,-19.14,0,0.6,,11.28,-100,0,17
01-Jan-1980,8.79,-2.62,1.24,-0.33,,,,-2.03,,,12.13,12.46,12.45,2.17,10.42,-19.88,-19.88,0,0.47,,11.46,-100,0,15
01-Feb-1980,8.78,-2.15,0.16,-1.61,,,,-3.25,,,12.16,12.48,12.47,1.32,11.82,-20.75,-20.75,0,0.23,,11.89,100,0,15
01-Mar-1980,8.78,-1.71,0.32,-1.62,,,,-3.12,,,12.15,12.47,12.45,0.06,12.48,-17.31,-17.31,0,0.27,,14.51,100,0,15
01-Apr-1980,8.77,-1.31,2.27,0.19,,,,-1.25,,,12.15,12.46,12.44,-0.7,12.79,-14.87,-14.87,0,0.2,,15.01,100,0,15
01-May-1980,8.77,-0.92,3.31,1.12,,,,-0.43,,,12.16,12.47,12.45,-0.24,11.8,-12.74,-12.74,0,0.13,,10.51,100,0,15
01-Jun-1980,8.75,-0.66,3.43,1.2,,,,-0.29,,,12.17,12.47,12.45,0.47,10.61,-12.15,0,0,-0.01,,8.71,100,0,15
01-Jul-1980,8.73,-0.4,2.85,0.57,,,,-0.91,,,12.19,12.49,12.46,0.89,10.72,-11.71,0,0,-0.48,,8.52,100,0,15
01-Aug-1980,8.72,0.05,1.67,-0.59,,,,-1.91,,,12.2,12.49,12.46,1.15,11.04,-8.35,0,0,-0.7,,9.28,-100,0,15
01-Sep-1980,8.7,0.5,1.41,-0.89,,,,-2.13,,,12.22,12.51,12.47,1.27,9.43,-10.01,0,0,-0.94,,11.07,-100,0,15
01-Oct-1980,8.69,1.11,1.54,-0.94,,,,-2.32,,,12.26,12.53,12.5,1.24,9.61,-13.23,0.32,0,-1.08,,11.77,-100,0,15
01-Nov-1980,8.67,1.72,1.46,-0.98,,,,-2.4,,,12.3,12.57,12.54,0.6,10.65,-14.04,0.1,0,-0.59,,12.97,-100,0,15
01-Dec-1980,8.66,2.3,1.28,-1,,,,-2.23,5.03,5.03,12.33,12.59,12.57,-0.32,12.43,-17.41,0,0,-0.66,,14.15,-100,0,17
01-Jan-1981,8.66,2.91,0.72,-1.38,,,,-2.48,,,12.34,12.6,12.57,-1.14,12.09,-12.18,0,0,-0.78,,13.06,-100,0,15
01-Feb-1981,8.65,3.42,-0.42,-2.39,,,,-3.33,,,12.36,12.62,12.58,-1.64,11.13,-12.52,0,0,-0.56,,13.54,-100,0,15
01-Mar-1981,8.66,3.85,1.34,-0.76,,,,-2.09,,,12.41,12.67,12.63,-1.32,11.79,-8.56,0,0,-0.42,,13.67,-100,0,15
01-Apr-1981,8.64,4.08,0.73,-1.36,,,,-2.91,,,12.45,12.71,12.66,-1.53,11.47,-16.82,0,0,-0.18,,12.5,-100,0,15
01-May-1981,8.62,4.15,0.59,-1.16,,,,-2.69,,,12.48,12.73,12.68,-3.56,11.12,-18.36,0,0,-0.37,,14.4,-100,0,15
01-Jun-1981,8.61,4.18,-0.72,-2.11,,,,-3.62,,,12.5,12.75,12.7,-5.55,12.02,-3.14,0,0,-0.82,,14.27,-100,0,15
01-Jul-1981,8.61,4.23,-2.2,-3.41,,,,-4.82,,,12.51,12.76,12.7,-7.14,11.7,5.56,0,0,-0.82,,14.35,-100,0,15
01-Aug-1981,8.61,4.11,-3.39,-4.39,,,,-5.83,,,12.5,12.75,12.68,-8.52,11.67,5.3,0,0,-0.64,,15.47,100,0,15
01-Sep-1981,8.6,4.01,-4.19,-4.97,,,,-6.5,,,12.48,12.73,12.66,-9.22,10.71,4.19,2.51,0,-0.68,,16.19,100,0,15
01-Oct-1981,8.6,3.74,-3.39,-3.94,,,,-5.48,,,12.46,12.71,12.63,-9.25,10.69,-2.36,3.16,0,-0.8,,15.79,100,0,15
01-Nov-1981,8.61,3.52,-2.3,-2.77,,,,-4.26,,,12.44,12.69,12.6,-8.2,12.06,5.48,5.48,0.02,-0.72,,14.05,100,0,15
01-Dec-1981,8.62,3.44,-2.92,-3.33,,,,-5.12,5.73,5.73,12.42,12.67,12.57,-6.71,12.54,8.17,8.17,0.21,-0.72,,11.67,100,0,17
01-Jan-1982,8.63,3.14,-3,-3.34,,,,-5.45,,,12.39,12.65,12.54,-5.56,11.67,13.76,13.76,0.34,-1.01,,13.26,100,0,15
01-Feb-1982,8.63,2.77,-2.55,-2.7,,,,-5.29,,,12.36,12.61,12.5,-4.86,11.1,7.14,7.14,0.42,-1.08,,14.37,100,0,15
01-Mar-1982,8.63,2.4,-3.17,-3.17,,,,-5.76,,,12.32,12.57,12.45,-4.27,10.27,4.04,4.04,0.42,-1.35,,13.5,100,0,15
01-Apr-1982,8.64,2.36,-3.02,-2.86,,,,-5.5,,,12.29,12.54,12.41,-3.69,13.26,5.43,5.43,0.58,-1.19,,13.82,100,0,15
01-May-1982,8.66,2.37,-2.53,-2.37,,,,-5.21,,,12.25,12.5,12.37,-2.33,14.04,8.65,8.65,0.78,-0.78,,13.33,100,0,15
01-Jun-1982,8.66,2.39,-3.2,-3.03,,,,-5.93,,,12.21,12.46,12.32,-1.27,12.93,7.17,7.17,0.88,-0.36,,12.92,100,0,15
01-Jul-1982,8.66,2.35,-2.05,-1.84,,,,-5,,,12.17,12.41,12.27,0.07,11.36,7.03,7.03,0.93,-0.39,,13.9,100,0,15
01-Aug-1982,8.65,2.15,-1.16,-0.9,,,,-4.15,,,12.14,12.39,12.24,2.33,10.34,6.01,6.01,0.9,-0.27,,12.55,100,0,15
01-Sep-1982,8.63,1.79,1.1,1.46,,,,-2.47,,,12.13,12.38,12.23,4.23,9.7,5.58,5.58,0.85,-0.38,,11.14,100,0,15
01-Oct-1982,8.6,1.19,2.04,2.36,,,,-1.57,,,12.13,12.38,12.22,5.62,9.23,0.37,0.37,0.69,-0.5,,10.37,100,0,15
01-Nov-1982,8.57,0.73,1.66,2.01,,,,-1.86,,,12.14,12.38,12.22,6.15,8.64,-4.7,0,0.51,-0.74,,9.21,100,0,15
01-Dec-1982,8.53,0.31,2.02,2.41,,,,-1.56,4.9,4.9,12.15,12.39,12.23,6.67,7.7,-0.87,0,0.33,-1.16,,9.23,-100,0,17
01-Jan-1983,8.5,-0.16,2.29,2.73,,,,-1.81,,,12.17,12.42,12.25,7.45,8.19,1.9,1.9,0.17,-1.64,,8.84,-100,0,15
01-Feb-1983,8.46,-0.52,2.98,3.65,,,,-1.29,,,12.22,12.46,12.29,8.51,8.37,-7.1,0,0,-1.52,,8.95,-100,0,15
01-Mar-1983,8.43,-0.75,2.91,3.77,,,,-1.63,,,12.27,12.51,12.34,9.15,9.41,-9.29,-9.29,0,-1.51,,8.56,-100,0,15
01-Apr-1983,8.39,-1.05,2.46,3.51,,,,-1.83,,,12.33,12.57,12.4,9.85,8.58,-16.51,-16.51,0,-1.85,,9.22,-100,0,15
01-May-1983,8.35,-1.26,1.73,3.09,,,,-2.59,,,12.4,12.64,12.47,10.31,8.48,-17.5,-17.5,0,-1.72,,8.73,-100,0,15
01-Jun-1983,8.32,-1.43,2.15,3.98,,,,-2.59,,,12.49,12.73,12.55,10.54,9.11,-13.26,-13.26,0,-2.09,,9.28,-100,0,15
01-Jul-1983,8.27,-1.68,1.19,3.3,,,,-3.58,,,12.57,12.81,12.64,10.38,9.1,-17.89,-17.89,0,-2.27,,9.53,-100,0,15
01-Aug-1983,8.24,-1.87,0.75,3.07,,,,-4.02,,,12.63,12.87,12.69,9.37,9.86,-19.86,-19.86,0,-2.2,,10.24,-100,0,15
01-Sep-1983,8.2,-2.03,-0.2,2.08,,,,-4.27,,,12.68,12.92,12.75,8.41,9.9,-21.81,-21.81,0,-1.79,,10.29,-100,0,15
01-Oct-1983,8.19,-1.84,-1.52,0.76,,,,-5.17,,,12.71,12.95,12.77,7.79,12.65,-9.57,-9.57,0,-1.44,,9.67,-100,0,15
01-Nov-1983,8.19,-1.54,-2.03,0.35,,,,-5.44,,,12.73,12.97,12.8,7.42,12.46,-8.26,-8.26,0,-1.29,,9.61,-100,0,15
01-Dec-1983,8.19,-1.23,-2.53,-0.01,,,,-5.78,4.31,4.31,12.74,12.99,12.82,6.97,11.88,1.3,1.3,0,-1.09,,9.72,-100,0,17
01-Jan-1984,8.19,-0.86,-2.91,-0.25,,,,-5.81,,,12.75,13,12.83,6.56,11.82,4.43,4.43,0,-1.26,,9.95,-100,0,15
01-Feb-1984,8.21,-0.27,-3.48,-0.82,,,,-6.28,,,12.74,12.99,12.83,6.28,13.6,3.76,3.76,0,-1.09,,9.69,-100,0,15
01-Mar-1984,8.23,0.38,-4.31,-1.7,,,,-6.93,,,12.73,12.98,12.82,6.08,14.52,7.07,7.07,0,-0.91,,10.1,-100,0,15
01-Apr-1984,8.27,1.17,-4.94,-2.33,,,,-7.34,,,12.71,12.96,12.8,5.88,15.77,9.56,9.56,0,-0.39,,10.69,-100,0,15
01-May-1984,8.3,1.84,-6.31,-3.78,,,,-8.56,,,12.68,12.93,12.77,5.79,14.39,13.34,13.34,0,-0.26,,10.83,-100,0,15
01-Jun-1984,8.34,2.53,-6.31,-3.84,,,,-8.49,,,12.65,12.9,12.74,5.93,14.56,21.06,21.06,0.34,0.11,,11.86,-100,0,15
01-Jul-1984,8.4,3.38,-5.37,-2.92,,,,-7.49,,,12.63,12.87,12.72,6.03,16.73,21.76,21.76,0.84,0.25,,11.99,-100,0,15
01-Aug-1984,8.45,4.27,-4.89,-2.51,,,,-7.19,,,12.62,12.86,12.71,5.81,17.07,26.9,26.9,1.33,0.35,,11.61,-100,0,15
01-Sep-1984,8.5,4.94,-4.66,-2.45,,,,-6.92,,,12.6,12.85,12.69,5.54,17.12,24.56,24.56,1.77,0.62,,11.68,-100,0,15
01-Oct-1984,8.54,5.39,-3.86,-1.79,,,,-6.2,,,12.59,12.84,12.68,5.36,13.63,26.08,26.08,2.07,0.64,,11.24,-100,0,15
01-Nov-1984,8.55,5.68,-3.38,-1.43,,,,-5.89,,,12.58,12.82,12.67,5.48,11.29,26.75,26.75,2.26,0.2,,10.19,-100,0,15
01-Dec-1984,8.56,5.98,-3.16,-1.36,,,,-5.77,5.11,5.11,12.57,12.82,12.66,5.86,10.19,24.52,24.52,2.38,-0.01,,9.49,-100,0,17
01-Jan-1985,8.57,6.22,-2.74,-1.06,,,,-5.32,,,12.58,12.82,12.66,6.27,9.97,25.53,25.53,2.49,-0.01,,9.11,-100,0,15
01-Feb-1985,8.57,6.3,-2.73,-1.19,,,,-5.73,,,12.6,12.84,12.68,6.39,9.06,20.17,20.17,2.56,-0.43,,9.11,-100,0,15
01-Mar-1985,8.56,6.25,-2.22,-0.93,,,,-5.35,,,12.62,12.86,12.69,6.57,8.65,18.63,18.63,2.55,-0.55,,9.74,-100,0,15
01-Apr-1985,8.54,6.11,-1.73,-0.66,,,,-5.02,,,12.64,12.88,12.7,6.91,7.81,14.12,14.12,2.51,-0.51,,9.5,-100,0,15
01-May-1985,8.53,5.97,-0.34,0.55,,,,-3.77,,,12.68,12.91,12.74,7.27,6.91,15.01,15.01,2.44,-0.36,,8.96,-100,0,15
01-Jun-1985,8.5,5.88,0.13,0.85,,,,-3.59,,,12.72,12.95,12.77,7.66,5.97,14.92,14.92,2.32,-0.77,,8.07,-100,0,15
01-Jul-1985,8.47,5.71,0.15,0.71,,,,-3.85,,,12.76,12.99,12.8,8.08,5.65,8.42,8.42,2.18,-0.98,,7.77,-100,0,15
01-Aug-1985,8.44,5.49,-0.35,0.11,,,,-3.92,,,12.78,13.01,12.81,8.84,5.57,9.79,9.79,2.02,-1.11,,8.19,-100,0,15
01-Sep-1985,8.42,5.48,-0.41,0.01,,,,-3.98,,,12.79,13.01,12.82,9.67,6.28,7.96,7.96,1.97,-0.93,,7.96,-100,0,15
01-Oct-1985,8.41,5.42,0.04,0.41,,,,-3.65,,,12.81,13.03,12.83,10.26,5.65,16.92,16.92,1.9,-1.03,,7.99,-100,0,15
01-Nov-1985,8.39,5.37,0.38,0.73,,,,-3.28,,,12.84,13.06,12.86,10.35,5.63,15.93,15.93,1.83,-0.74,,7.94,-100,0,15
01-Dec-1985,8.37,5.26,1.1,1.42,,,,-2.7,4.03,3.84,12.88,13.1,12.89,10.13,6.07,15.36,15.36,1.79,-0.76,,7.79,-100,0,17
01-Jan-1986,8.36,5.11,0.62,0.92,,,,-3.02,,,12.9,13.12,12.9,9.89,6.27,13.63,13.63,1.74,-0.52,,7.61,-100,0,15
01-Feb-1986,8.35,5.03,1.02,1.4,,,,-2.34,,,12.94,13.15,12.93,9.76,6.08,11.37,11.37,1.72,-0.3,,7.6,-100,0,15
01-Mar-1986,8.35,5.05,1.79,2.25,,,,-1.62,,,12.99,13.2,12.97,9.65,7.57,16.94,16.94,1.81,-0.02,,7.43,-100,0,15
01-Apr-1986,8.35,5.26,1.7,2.24,,,,-1.72,,,13.04,13.24,13.01,9.48,7.66,17.34,17.34,1.9,0.02,,6.78,-100,0,15
01-May-1986,8.36,5.53,0.67,1.38,,,,-2.55,,,13.08,13.28,13.04,9.26,7.74,16.93,16.93,1.99,0.06,,6.6,-100,0,15
01-Jun-1986,8.37,5.76,1.05,1.9,,,,-1.98,,,13.13,13.32,13.08,8.9,8.07,16.54,16.54,2.12,0.32,,6.89,-100,0,15
01-Jul-1986,8.39,6.01,0.77,1.75,,,,-2.06,,,13.16,13.35,13.1,8.72,8.84,20.39,20.39,2.3,0.59,,6.53,-100,0,15
01-Aug-1986,8.41,6.28,1.27,2.36,,,,-1.63,,,13.21,13.4,13.14,8.58,9.37,21.4,21.4,2.51,0.76,,6.25,-100,0,15
01-Sep-1986,8.41,6.37,0.89,2.1,,,,-2.14,,,13.24,13.43,13.17,8.57,7.27,20.65,20.65,2.6,0.81,,5.57,-100,0,15
01-Oct-1986,8.41,6.4,0.84,2.14,,,,-2.16,,,13.28,13.47,13.2,8.63,7.09,19.35,19.35,2.65,0.94,,5.88,-100,0,15
01-Nov-1986,8.42,6.34,0.46,1.81,,,,-2.23,,,13.31,13.5,13.22,8.74,7.37,16.67,16.67,2.73,0.99,,5.78,-100,0,15
01-Dec-1986,8.43,6.29,-0.08,1.32,,,,-2.47,3.36,3.58,13.32,13.5,13.23,8.83,7.33,19.46,19.46,2.86,1.09,,5.82,-100,0,17
01-Jan-1987,8.45,6.45,-0.16,1.36,,,,-2.42,,,13.35,13.53,13.26,8.85,7.79,23.62,23.62,3.06,1.17,,6.12,-100,0,15
01-Feb-1987,8.46,6.61,-0.54,0.88,,,,-2.56,,,13.37,13.56,13.28,8.86,6.92,24.69,24.69,3.21,1.15,,5.98,-100,0,15
01-Mar-1987,8.48,6.89,-1.25,0.07,,,,-3.03,,,13.39,13.57,13.29,8.81,5.81,24.54,24.54,3.35,1.36,,6.03,-100,0,15
01-Apr-1987,8.51,7.06,-2.11,-0.83,,,,-3.79,,,13.4,13.58,13.31,8.78,6.18,28.52,28.52,3.57,1.58,,6.31,-100,0,15
01-May-1987,8.54,7.21,-2.38,-1.12,,,,-4.08,,,13.41,13.59,13.31,8.79,6.19,31.23,31.23,3.81,1.82,,6.95,-100,0,15
01-Jun-1987,8.56,7.45,-2.41,-1.18,,,,-4.03,,,13.42,13.6,13.32,8.78,5.75,30.24,30.24,4.01,1.93,,7.13,-100,0,15
01-Jul-1987,8.59,7.81,-2.54,-1.32,,,,-4.26,,,13.44,13.63,13.35,8.6,5.38,32.45,32.45,4.22,2.05,,6.85,-100,0,15
01-Aug-1987,8.61,8.19,-2.98,-1.8,,,,-4.64,,,13.47,13.65,13.37,8.18,5.06,32.42,32.42,4.38,2.09,,6.91,-100,0,15
01-Sep-1987,8.64,8.7,-3.42,-2.2,,,,-5.23,,,13.5,13.68,13.4,7.58,5.69,29.31,29.31,4.58,2.22,,7.25,-100,0,15
01-Oct-1987,8.66,9.36,-2.62,-1.43,,,,-4.52,,,13.48,13.66,13.38,7.28,6.35,32.39,32.39,4.77,2.39,,7.88,-100,0,15
01-Nov-1987,8.68,10,-2.98,-1.78,,,,-4.74,,,13.44,13.63,13.35,7.43,6.21,27.81,27.81,4.94,2.53,,7.06,-100,0,15
01-Dec-1987,8.7,10.6,-2.96,-1.73,,,,-4.56,4.18,3.99,13.42,13.62,13.34,7.7,4.96,30.05,30.05,5.08,2.66,,7.12,-100,0,17
01-Jan-1988,8.71,11.1,-2.79,-1.56,,,,-4.03,,,13.39,13.59,13.31,7.94,4,30.36,30.36,5.18,2.78,,7.23,-100,0,15
01-Feb-1988,8.74,11.78,-2.93,-1.84,,,,-3.97,,,13.36,13.56,13.28,8.27,4,28.24,28.24,5.34,2.97,,6.77,-100,0,15
01-Mar-1988,8.76,12.45,-3.48,-2.48,,,,-4.43,,,13.33,13.53,13.25,8.63,3.08,33.33,33.33,5.5,3.16,,6.62,-100,0,15
01-Apr-1988,8.78,13.18,-3.65,-2.7,,,,-4.74,,,13.3,13.5,13.22,8.9,2.11,34.11,34.11,5.64,3.32,,6.85,-100,0,15
01-May-1988,8.79,13.78,-4.06,-3.01,,,,-5.1,,,13.27,13.47,13.19,9.08,1.8,34.13,34.13,5.74,3.44,,7.1,-100,0,15
01-Jun-1988,8.81,14.33,-3.96,-2.88,,,,-4.73,,,13.24,13.44,13.17,9.18,1.86,32.83,32.83,5.84,3.54,,7.59,-100,0,15
01-Jul-1988,8.82,14.99,-4.47,-3.34,,,,-4.93,,,13.21,13.41,13.13,9.27,1.46,32.35,32.35,5.95,3.62,,7.48,-100,0,15
01-Aug-1988,8.85,15.72,-4.73,-3.79,,,,-5.04,,,13.17,13.36,13.09,9.48,1.95,33.53,33.53,6.1,3.72,,7.88,-100,0,15
01-Sep-1988,8.88,16.53,-4.04,-3.21,,,,-4.41,,,13.13,13.33,13.05,9.59,1.76,34.84,34.84,6.28,3.81,,8.3,-100,0,15
01-Oct-1988,8.91,17.01,-2.99,-2.21,,,,-3.66,,,13.13,13.33,13.05,9.27,2.43,35.57,35.57,6.45,3.97,,8.11,-100,0,15
01-Nov-1988,8.92,17.13,-2.36,-1.7,,,,-3.41,,,13.14,13.34,13.06,8.55,2.62,33.73,33.73,6.51,3.94,,7.98,-100,0,15
01-Dec-1988,8.9,16.92,-2.11,-1.67,,,,-3.25,4.12,3.77,13.14,13.35,13.06,7.72,2.06,24.61,24.61,6.44,3.94,,8.62,-100,0,17
01-Jan-1989,8.88,16.65,-2.02,-1.81,,,,-3.11,,,13.15,13.35,13.07,6.89,1.83,20.6,20.6,6.34,3.78,,8.96,-100,0,15
01-Feb-1989,8.86,16.18,-2.4,-2.33,,,,-3.38,,,13.14,13.35,13.06,5.99,0.76,-8.53,-8.53,6.23,3.72,,8.94,-100,0,15
01-Mar-1989,8.83,15.58,-2.44,-2.48,,,,-3.26,,,13.14,13.35,13.07,5.09,-0.22,-11.3,-11.3,6.11,3.69,,9.39,-100,0,15
01-Apr-1989,8.8,14.83,-1.94,-2.09,,,,-2.58,,,13.14,13.35,13.07,4.19,-0.86,-12.96,-12.96,5.98,3.59,,9.66,-100,0,15
01-May-1989,8.77,14.09,-0.94,-1.47,,,,-1.68,,,13.15,13.37,13.09,3.33,-0.69,-13.69,-13.69,5.85,3.5,,9.22,-100,0,15
01-Jun-1989,8.74,13.24,-0.47,-1.33,,,,-1.22,,,13.15,13.37,13.09,2.63,-0.61,-15.16,-15.16,5.71,3.44,,8.8,-100,0,15
01-Jul-1989,8.71,12.24,0.23,-0.97,,,,-0.84,,,13.17,13.39,13.11,2.02,-1.19,-15.45,-15.45,5.57,3.33,,8.13,-100,0,15
01-Aug-1989,8.67,11.17,0.09,-1.24,,,,-1.11,,,13.19,13.41,13.13,1.41,-1.57,-16.87,-16.87,5.41,3.24,,7.6,-100,0,15
01-Sep-1989,8.63,10.08,0.04,-1.35,,,,-1.18,,,13.21,13.43,13.15,0.98,-2.45,-20.27,-20.27,5.22,3.15,,8.26,-100,0,15
01-Oct-1989,8.59,9.24,0.27,-1.17,,,,-0.89,,,13.22,13.45,13.16,0.66,-1.95,-21.3,-21.3,5.05,3.09,,8.39,-100,0,15
01-Nov-1989,8.57,8.82,0.67,-0.92,,,,-0.64,,,13.24,13.46,13.18,0.43,0.17,-17.23,-17.23,4.98,3,,7.86,-100,0,15
01-Dec-1989,8.57,8.68,0.54,-1.13,,,,-0.8,3.85,3.51,13.26,13.48,13.19,0.29,2.75,-10.55,-10.55,4.99,3.01,,7.65,-100,0,17
01-Jan-1990,8.57,8.64,-0.11,-1.8,,,,-1.41,,,13.25,13.47,13.18,0.33,3.2,-4.16,-4.16,5.02,3.07,,7.82,-100,0,15
01-Feb-1990,8.57,8.62,-0.29,-2.04,,,,-1.59,,,13.25,13.47,13.18,0.52,2.56,0.51,0.51,5.04,3.06,,8.08,-100,0,15
01-Mar-1990,8.57,8.74,-0.26,-2.11,,,,-1.69,,,13.26,13.47,13.18,0.69,2.1,4.11,4.11,5.07,3.08,,8.17,-100,0,15
01-Apr-1990,8.57,8.84,-0.78,-2.67,,,,-2.27,,,13.25,13.46,13.17,0.94,1.67,5.97,5.97,5.07,3.1,,8.32,-100,0,15
01-May-1990,8.57,9.09,-0.62,-2.42,,,,-2.03,,,13.24,13.45,13.16,1.17,2,8.72,8.72,5.1,3.15,,8.56,-100,0,15
01-Jun-1990,8.58,9.52,-0.67,-2.42,,,,-2.07,,,13.24,13.45,13.16,1.33,2.71,12.8,12.8,5.18,3.2,,8,-100,0,15
01-Jul-1990,8.59,9.96,-0.76,-2.48,,,,-2.26,,,13.22,13.43,13.14,1.5,1.88,15.49,15.49,5.24,3.28,,7.97,-100,0,15
01-Aug-1990,8.6,10.48,-1.73,-3.22,,,,-3.08,,,13.19,13.4,13.11,1.94,2.21,18.42,18.42,5.32,3.32,,7.62,100,0,15
01-Sep-1990,8.62,10.96,-1.85,-3.17,,,,-3.16,,,13.15,13.35,13.06,2.43,2.8,22.53,22.53,5.44,3.38,,7.81,100,0,15
01-Oct-1990,8.65,11.43,-1.83,-2.98,,,,-3.06,,,13.11,13.31,13.03,2.99,2.69,25.45,25.45,5.56,3.44,,7.66,100,0,15
01-Nov-1990,8.66,11.84,-1.37,-2.46,,,,-2.68,,,13.08,13.28,12.99,3.51,2.24,26.89,26.89,5.64,3.49,,7.4,100,0,15
01-Dec-1990,8.68,12.22,-1.44,-2.41,,,,-2.65,3.92,3.89,13.05,13.25,12.96,4.05,2.89,28.06,28.06,5.73,3.56,,7.32,100,0,17
01-Jan-1991,8.69,12.61,-1.3,-2.16,,,,-2.61,,,13.04,13.24,12.95,4.7,2.72,29.06,29.06,5.81,3.66,,6.92,100,0,15
01-Feb-1991,8.7,12.85,-1.21,-1.96,,,,-2.6,,,13.03,13.23,12.95,5.21,2.37,28.62,28.62,5.86,3.74,,6.47,100,0,15
01-Mar-1991,8.7,12.78,-1.53,-2.11,,,,-2.74,,,13.03,13.23,12.94,5.77,1.96,27.04,27.04,5.86,3.76,,6.64,100,0,15
01-Apr-1991,8.7,12.78,-1.61,-2.07,,,,-2.7,,,13.03,13.23,12.94,6.3,2.21,26.22,26.22,5.88,3.78,,6.41,-100,0,15
01-May-1991,8.7,12.72,-1.91,-2.31,,,,-2.85,,,13.03,13.22,12.94,6.95,1.85,24.88,24.88,5.89,3.83,,6.22,-100,0,15
01-Jun-1991,8.7,12.59,-2.3,-2.63,,,,-3.09,,,13.02,13.21,12.93,7.64,1.34,23.68,23.68,5.89,3.8,,6.23,-100,0,15
01-Jul-1991,8.7,12.37,-2.29,-2.57,,,,-2.99,,,13.01,13.21,12.93,8.28,1.01,22.6,22.6,5.89,3.81,,6.38,-100,0,15
01-Aug-1991,8.69,12.05,-1.34,-1.64,,,,-2.28,,,13.03,13.23,12.95,8.71,0.89,21.2,21.2,5.88,3.78,,6.23,-100,0,15
01-Sep-1991,8.67,11.73,-0.63,-0.93,,,,-1.72,,,13.06,13.26,12.97,9.04,0.24,18.19,18.19,5.8,3.74,,5.8,-100,0,15
01-Oct-1991,8.65,11.39,-0.39,-0.72,,,,-1.63,,,13.09,13.29,13.01,9.33,0.36,14.99,14.99,5.69,3.59,,5.52,-100,0,15
01-Nov-1991,8.62,10.99,-0.53,-0.8,,,,-1.63,,,13.11,13.31,13.02,9.79,0.6,11.94,11.94,5.58,3.55,,5.15,-100,0,15
01-Dec-1991,8.59,10.55,-0.18,-0.4,,,,-1.14,3.27,3.48,13.13,13.34,13.05,10.36,1.04,9.82,9.82,5.49,3.51,,4.84,-100,0,17
01-Jan-1992,8.57,10.03,-0.75,-0.9,,,,-1.75,,,13.15,13.35,13.07,10.7,0.8,8.16,8.16,5.41,3.5,,4.23,-100,0,15
01-Feb-1992,8.55,9.61,-1.42,-1.51,,,,-2.07,,,13.16,13.36,13.08,11.2,1.43,6.87,6.87,5.35,3.41,,4.43,-100,0,15
01-Mar-1992,8.55,9.42,-1.89,-1.93,,,,-2.51,,,13.16,13.36,13.08,11.69,2.08,7.17,7.17,5.35,3.47,,4.51,-100,0,15
01-Apr-1992,8.55,9.1,-2.09,-2.1,,,,-2.77,,,13.17,13.36,13.08,12.22,1.81,7.47,7.47,5.36,3.47,,4.69,-100,0,15
01-May-1992,8.56,8.78,-1.94,-1.79,,,,-2.6,,,13.17,13.36,13.08,12.68,1.99,7.97,7.97,5.38,3.55,,4.39,-100,0,15
01-Jun-1992,8.55,8.44,-1.89,-1.59,,,-1.29,-2.54,,,13.17,13.36,13.08,13.16,1.56,8.04,8.04,5.38,3.7,,4.43,-100,0,16
01-Jul-1992,8.55,8.04,-1.62,-1.2,,,-0.57,-2.26,,,13.17,13.36,13.08,13.75,1.24,7.86,7.86,5.37,3.72,,4.15,-100,0,16
01-Aug-1992,8.54,7.74,-1.78,-1.22,,,-0.63,-2.33,,,13.16,13.35,13.08,14.31,1.43,7.78,7.78,5.36,3.68,,3.74,-100,0,16
01-Sep-1992,8.55,7.56,-1.64,-0.92,,,-0.17,-2.17,,,13.16,13.35,13.07,14.92,3.11,8.7,8.7,5.41,3.71,,3.55,-100,0,16
01-Oct-1992,8.57,7.47,-2.19,-1.35,,,-0.62,-2.72,,,13.16,13.34,13.07,15.53,4.16,9.98,9.98,5.49,3.75,,3.12,-100,0,16
01-Nov-1992,8.59,7.48,-2.49,-1.48,,,-0.73,-2.98,,,13.17,13.35,13.08,15.87,4.82,11.41,11.41,5.58,3.82,,3.72,-100,0,16
01-Dec-1992,8.61,7.48,-2.43,-1.28,,,-0.65,-2.82,2.83,3.55,13.17,13.35,13.08,15.97,4.48,12.47,12.47,5.65,3.91,,4.04,-100,0,18
01-Jan-1993,8.62,7.49,-2.55,-1.33,,,-1.29,-2.63,,,13.17,13.35,13.08,16.17,3.81,13.13,13.13,5.71,3.98,,3.73,-100,0,16
01-Feb-1993,8.65,7.53,-2.14,-0.92,,,-0.92,-2.27,,,13.17,13.35,13.08,16.29,4.18,14.43,14.43,5.81,4.13,,3.54,-100,0,16
01-Mar-1993,8.65,7.34,-2.07,-0.84,,,-0.95,-2.19,,,13.18,13.35,13.09,16.37,2.21,14.67,14.67,5.85,4.2,,3.37,-100,0,16
01-Apr-1993,8.65,7.1,-2.08,-0.87,,,-0.18,-2.12,,,13.17,13.35,13.09,16.4,1.76,14.59,14.59,5.86,4.24,,3.4,-100,0,16
01-May-1993,8.65,6.9,-2.19,-1.07,,,-0.11,-2.18,,,13.18,13.36,13.09,16.4,1.43,14.36,14.36,5.87,4.26,,3.3,-100,0,16
01-Jun-1993,8.65,6.75,-1.69,-0.62,,,0.16,-1.79,,,13.19,13.37,13.1,16.33,1.55,14.28,14.28,5.89,4.3,,3.61,-100,0,16
01-Jul-1993,8.65,6.55,-1.72,-0.73,,,0.15,-1.84,,,13.19,13.37,13.1,16.16,1.57,14.08,14.08,5.9,4.34,,3.52,-100,0,16
01-Aug-1993,8.65,6.27,-1.29,-0.38,,,0.63,-1.46,,,13.2,13.38,13.12,15.96,1.51,13.95,13.95,5.92,4.33,,3.6,-100,0,16
01-Sep-1993,8.65,5.87,-1.17,-0.33,,,0.51,-1.4,,,13.21,13.39,13.13,15.66,1.18,13.7,13.7,5.92,4.4,,3.44,-100,0,16
01-Oct-1993,8.65,5.5,-1.06,-0.27,,,0.61,-1.39,,,13.21,13.4,13.14,15.25,1.36,13.5,13.5,5.93,4.44,,3.42,-100,0,16
01-Nov-1993,8.65,5.37,-1.48,-0.79,,,0.14,-1.83,,,13.21,13.4,13.13,14.99,1.44,13.21,13.21,5.94,4.42,,3.6,-100,0,16
01-Dec-1993,8.65,5.58,-1.53,-0.94,,,-0.78,-1.86,2.74,3.17,13.21,13.39,13.13,14.84,1.46,13.08,13.08,5.96,4.45,,3.67,-100,0,18
01-Jan-1994,8.65,5.89,-1.31,-0.78,,,-1.05,-1.72,,,13.21,13.39,13.13,14.62,1.34,13.07,13.07,5.99,4.54,,3.68,-100,0,16
01-Feb-1994,8.65,6.11,-1.77,-1.28,,,-1.61,-2.19,,,13.2,13.39,13.13,14.38,0.22,12.66,12.66,5.99,4.55,,3.63,-100,0,16
01-Mar-1994,8.65,6.41,-2.42,-1.98,,,-2.07,-2.93,,,13.19,13.38,13.12,14.2,0.42,12.41,12.41,6,4.63,,4.22,-100,0,16
01-Apr-1994,8.65,6.8,-2.58,-2.17,,,-5.62,-3.32,,,13.18,13.37,13.11,14.03,0.7,12.33,12.33,6.02,4.7,,4.55,-100,0,16
01-May-1994,8.65,7.16,-2.75,-2.3,,,-5.7,-3.55,,,13.17,13.35,13.1,13.74,0.77,12.2,12.2,6.04,4.51,,5.03,-100,0,16
01-Jun-1994,8.65,7.53,-2.99,-2.49,,,-5.84,-3.74,,,13.15,13.34,13.08,13.48,0.5,12.03,12.03,6.05,4.45,,5.31,-100,0,16
01-Jul-1994,8.65,7.92,-2.8,-2.26,,,-5.53,-3.48,,,13.14,13.32,13.07,13.2,0.77,11.97,11.97,6.06,4.41,,5.48,-100,0,16
01-Aug-1994,8.65,8.33,-2.85,-2.39,,,-1.36,-3.55,,,13.13,13.31,13.06,12.85,0.53,11.86,11.86,6.07,4.49,,5.38,-100,0,16
01-Sep-1994,8.65,8.86,-3.25,-2.86,,,-5.88,-3.95,,,13.11,13.29,13.04,12.5,0.48,11.79,11.79,6.09,4.43,,5.5,-100,0,16
01-Oct-1994,8.65,9.34,-3.41,-3.07,,,-5.96,-4.1,,,13.09,13.28,13.03,12.13,0.51,11.77,11.77,6.1,4.48,,5.91,-100,0,16
01-Nov-1994,8.65,9.63,-3.39,-3.16,,,-6.04,-4.15,,,13.08,13.26,13.01,11.66,0.8,11.85,11.85,6.13,4.61,,6.2,-100,0,16
01-Dec-1994,8.65,9.68,-3.25,-3.12,,,-5.83,-4.06,3.06,3.55,13.06,13.24,13,11.09,0.42,11.85,11.85,6.14,4.76,,6.88,-100,0,18
01-Jan-1995,8.65,9.61,-2.97,-2.93,,,-5.95,-3.84,,,13.04,13.22,12.98,10.44,-0.01,11.77,11.77,6.14,4.77,,7.25,-100,0,16
01-Feb-1995,8.65,9.59,-2.52,-2.52,,,-1.64,-3.44,,,13.02,13.21,12.96,9.74,0.03,11.76,11.76,6.15,4.79,,6.82,-100,0,16
01-Mar-1995,8.64,9.53,-2.36,-2.4,,,-5.44,-3.31,,,13.02,13.2,12.96,9,-0.14,11.68,11.68,6.15,4.76,,6.39,-100,0,16
01-Apr-1995,8.63,9.46,-1.99,-2.08,,,-1.73,-2.99,,,13.01,13.2,12.96,8.17,-0.37,11.49,11.49,6.13,4.69,,6.41,-100,0,16
01-May-1995,8.62,9.28,-1.08,-1.35,,,-0.26,-2.1,,,13.01,13.2,12.96,7.41,-0.11,11.21,11.21,6.1,4.6,,6.25,-100,0,16
01-Jun-1995,8.61,8.98,-0.85,-1.28,,,0.05,-1.85,,,13.02,13.21,12.98,6.65,-0.16,10.94,10.94,6.08,4.63,,5.64,-100,0,16
01-Jul-1995,8.6,8.72,-0.87,-1.47,,,0.09,-1.91,,,13.03,13.22,12.99,5.9,-0.24,10.67,10.67,6.05,4.69,,5.68,-100,0,16
01-Aug-1995,8.59,8.4,-0.7,-1.41,,,0.16,-1.63,,,13.04,13.23,13,5.3,-0.2,10.38,10.38,6.02,4.63,,5.72,-100,0,16
01-Sep-1995,8.58,7.96,-0.47,-1.31,,,-3.53,-1.35,,,13.06,13.24,13.02,4.69,-0.42,10.14,10.14,6,4.63,,5.59,-100,0,16
01-Oct-1995,8.56,7.54,-0.14,-1.13,,,-4.4,-0.97,,,13.07,13.25,13.03,4.13,-0.58,9.88,9.88,5.97,4.62,,5.68,-100,0,16
01-Nov-1995,8.55,7.17,0.4,-0.81,,,-4.1,-0.44,,,13.09,13.28,13.06,3.58,-0.73,9.58,9.58,5.94,4.49,,5.47,-100,0,16
01-Dec-1995,8.54,6.78,0.9,-0.56,,,-3.97,-0.01,2.44,3.29,13.12,13.3,13.08,3.12,-0.68,9.27,9.27,5.9,4.45,,5.32,-100,0,18
01-Jan-1996,8.52,6.35,0.98,-0.65,,,-5.3,0.08,,,13.14,13.33,13.11,2.79,-0.77,8.9,8.9,5.86,4.37,,5.14,-100,0,16
01-Feb-1996,8.51,6.04,0.35,-1.32,,,-5.81,-0.4,,,13.16,13.35,13.13,2.56,-0.96,8.56,8.56,5.82,4.38,,4.88,-100,0,16
01-Mar-1996,8.49,5.9,0.13,-1.61,,,-5.99,-0.56,,,13.18,13.37,13.15,2.41,-0.87,8.34,8.34,5.8,4.35,,5.09,-100,0,16
01-Apr-1996,8.49,5.78,-0.25,-2.04,,,-6.28,-0.85,,,13.2,13.39,13.17,2.3,-0.58,8.25,8.25,5.79,4.28,,5.46,-100,0,16
01-May-1996,8.49,5.82,-0.52,-2.34,,,-6.45,-1.02,,,13.22,13.41,13.19,2.26,0.03,8.4,8.4,5.82,4.22,,5.63,-100,0,16
01-Jun-1996,8.5,5.92,-0.46,-2.33,,,-6.29,-0.94,,,13.23,13.42,13.21,2.22,-0.01,8.64,8.64,5.85,4.2,,5.73,-100,0,16
01-Jul-1996,8.51,6.05,-0.62,-2.52,,,-6.34,-1.1,,,13.23,13.42,13.21,2.25,-0.04,8.95,8.95,5.89,4.2,,5.74,-100,0,16
01-Aug-1996,8.52,6.31,-0.76,-2.67,,,-6.14,-1.24,,,13.23,13.42,13.21,2.22,0.17,9.42,9.42,5.95,4.21,,5.75,-100,0,16
01-Sep-1996,8.53,6.73,-0.68,-2.54,,,-5.89,-1.11,,,13.23,13.42,13.21,2.22,-0.15,9.8,9.8,6,4.27,,5.84,-100,0,16
01-Oct-1996,8.55,7.27,-0.33,-2.19,,,-5.56,-0.84,,,13.24,13.43,13.22,2.19,-0.14,10.29,10.29,6.07,4.36,,5.7,-100,0,16
01-Nov-1996,8.56,7.88,-0.22,-1.95,,,-5.25,-0.65,,,13.25,13.44,13.23,2.12,0.04,10.84,10.84,6.13,4.45,,5.51,-100,0,16
01-Dec-1996,8.58,8.47,-0.84,-2.43,,,-5.66,-1.14,2.11,3.2,13.25,13.45,13.24,2.07,0.3,11.53,11.53,6.21,4.55,,5.38,-100,0,18
01-Jan-1997,8.61,9.13,-1,-2.49,,,-5.97,-1.22,,,13.26,13.45,13.25,1.93,0.65,12.42,12.42,6.32,4.68,,5.58,-100,0,16
01-Feb-1997,8.64,9.7,-1.33,-2.71,,,-6.01,-1.4,,,13.26,13.46,13.26,1.73,0.49,13.16,13.16,6.41,4.82,,5.59,-100,0,16
01-Mar-1997,8.66,10.09,-1.66,-3.02,,,-1.73,-1.67,,,13.26,13.46,13.26,1.51,0.1,14,14,6.5,4.89,,5.7,-100,0,16
01-Apr-1997,8.69,10.42,-1.46,-2.79,,,-0.96,-1.38,,,13.26,13.46,13.26,1.32,-0.13,14.72,14.72,6.59,5.01,,6,-100,0,16
01-May-1997,8.7,10.64,-1.48,-2.8,,,-1.2,-1.3,,,13.27,13.47,13.27,1.06,-0.45,15.32,15.32,6.66,5.02,,5.89,-100,0,16
01-Jun-1997,8.72,10.9,-1.33,-2.66,,,-1.32,-1.07,,,13.28,13.48,13.28,0.76,-0.69,15.88,15.88,6.72,5.11,,5.8,-100,0,16
01-Jul-1997,8.73,11.18,-0.6,-2,,,-1,-0.34,,,13.31,13.51,13.32,0.28,-0.92,16.37,16.37,6.77,5.31,,5.71,-100,0,16
01-Aug-1997,8.74,11.31,-1.02,-2.4,,,-1.71,-0.64,,,13.34,13.54,13.34,-0.2,-1.21,16.55,16.55,6.79,5.39,,5.65,-100,0,16
01-Sep-1997,8.75,11.28,-0.84,-2.23,,,-1.21,-0.32,,,13.36,13.56,13.37,-0.62,-1.12,16.83,16.83,6.82,5.56,,5.71,-100,0,16
01-Oct-1997,8.75,11.13,-0.71,-2.06,,,-1.19,0.04,,,13.38,13.58,13.39,-1.04,-1.41,17.03,17.03,6.84,5.56,,5.58,-100,0,16
01-Nov-1997,8.76,10.98,-0.84,-2.23,,,-1.11,0.06,,,13.39,13.6,13.4,-1.39,-1.37,17.36,17.36,6.88,5.64,,5.51,-100,0,16
01-Dec-1997,8.78,10.95,-0.66,-2.14,,,-1.17,0.23,1.67,2.73,13.41,13.61,13.42,-1.81,-1.47,17.8,17.8,6.93,5.68,,5.66,-100,0,18
01-Jan-1998,8.79,10.94,-0.48,-2,,,-1.37,0.41,,,13.42,13.62,13.43,-2.17,-1.68,18.11,18.11,6.97,5.75,,5.57,-100,0,16
01-Feb-1998,8.8,10.83,-0.71,-2.2,,,-1.49,0.23,,,13.44,13.65,13.45,-2.56,-1.54,18.51,18.51,7.02,5.75,,5.33,-100,0,16
01-Mar-1998,8.81,10.92,-0.65,-2.2,,,-1.8,0.22,,,13.47,13.68,13.49,-2.99,-1.95,18.82,18.82,7.06,5.9,,5.48,-100,0,16
01-Apr-1998,8.82,11.08,-0.41,-2.05,,,-1.99,0.33,,,13.51,13.72,13.52,-3.5,-1.76,19.1,19.1,7.1,5.91,,5.46,-100,0,16
01-May-1998,8.83,11.2,-0.72,-2.22,,,-1.95,0.11,,,13.52,13.73,13.54,-3.9,-1.62,19.21,19.21,7.12,6.09,,5.48,-100,0,16
01-Jun-1998,8.85,11.41,-0.82,-2.24,,,-1.73,0.04,,,13.54,13.75,13.55,-4.25,-1.7,19.63,19.63,7.17,6.03,,5.47,-100,0,16
01-Jul-1998,8.87,11.73,-1.12,-2.45,,,-1.88,-0.23,,,13.54,13.75,13.55,-4.52,-1.66,20.25,20.25,7.24,6.1,,5.41,-100,0,16
01-Aug-1998,8.9,12.24,-0.67,-1.98,,,-1.35,0.19,,,13.52,13.73,13.54,-4.66,-1.1,21.36,21.36,7.36,5.94,,5.39,-100,0,16
01-Sep-1998,8.94,12.71,-0.11,-1.38,,,-0.25,0.72,,,13.5,13.71,13.52,-4.73,-1.15,22.29,22.29,7.45,6.14,,5.03,-100,0,16
01-Oct-1998,8.97,13.15,-0.37,-1.6,,,-0.9,0.41,,,13.5,13.71,13.52,-4.62,-1.1,23.15,23.15,7.55,6.41,,4.41,-100,0,16
01-Nov-1998,8.99,13.56,-0.44,-1.65,,,-1.22,0.28,,,13.5,13.71,13.52,-4.71,-1.25,23.89,23.89,7.62,6.16,,4.4,-100,0,16
01-Dec-1998,9.01,13.8,-0.49,-1.62,,,-1.32,0.26,1.38,2.26,13.5,13.72,13.52,-4.82,-1.53,24.31,24.31,7.68,6.32,,4.56,-100,0,18
01-Jan-1999,9.03,14.03,-0.54,-1.62,,,-1.91,0.22,,,13.51,13.72,13.53,-4.98,-1.46,24.82,24.82,7.73,6.45,,4.6,-100,0,16
01-Feb-1999,9.04,14.32,-1.42,-2.41,,,-2.62,-0.6,,,13.5,13.72,13.53,-5.05,-1.57,25.13,25.13,7.78,6.44,,4.67,-100,0,16
01-Mar-1999,9.06,14.61,-1.57,-2.49,,,-2.47,-0.68,,,13.49,13.71,13.52,-5.09,-1.77,25.54,25.54,7.83,6.26,,5.04,-100,0,16
01-Apr-1999,9.09,14.97,-1.8,-2.68,,,-2.3,-0.87,,,13.49,13.72,13.53,-5.13,-1.53,26.24,26.24,7.91,6.2,,4.84,-100,0,16
01-May-1999,9.13,15.51,-2.09,-2.93,,,-2.69,-1.15,,,13.49,13.72,13.53,-5.2,-1.02,27.34,27.34,8.02,5.93,,4.89,-100,0,16
01-Jun-1999,9.15,15.88,-2.28,-3.09,,,-2.75,-1.36,,,13.49,13.73,13.54,-5.25,-1.55,27.89,27.89,8.08,6.14,,5.21,-100,0,16
01-Jul-1999,9.17,16.1,-2.55,-3.31,,,-3,-1.62,,,13.49,13.73,13.54,-5.3,-1.79,28.15,28.15,8.13,6.1,,5.29,-100,0,16
01-Aug-1999,9.18,16.33,-2.38,-3.16,,,-2.94,-1.57,,,13.52,13.76,13.57,-5.45,-2.04,28.32,28.32,8.17,6.43,,5.31,-100,0,16
01-Sep-1999,9.18,16.4,-2.14,-2.92,,,-2.83,-1.43,,,13.53,13.77,13.58,-5.67,-1.95,28.08,28.08,8.18,6.49,,5.5,-100,0,16
01-Oct-1999,9.18,16.35,-2.33,-3.06,,,-2.83,-1.62,,,13.54,13.78,13.59,-6.05,-1.96,27.54,27.54,8.16,6.43,,5.47,-100,0,16
01-Nov-1999,9.18,16.24,-2.86,-3.5,,,-3.16,-2.04,,,13.54,13.78,13.6,-6.35,-2,26.97,26.97,8.15,6.34,,5.58,-100,0,16
01-Dec-1999,9.19,16.41,-3.27,-3.87,,,-3.46,-2.4,1.2,2.05,13.55,13.79,13.6,-6.62,-1.79,26.94,26.94,8.18,6.17,,5.81,-100,0,18
01-Jan-2000,9.2,16.64,-3.66,-4.22,,,-4.09,-2.71,,,13.54,13.79,13.6,-6.86,-1.82,26.96,26.96,8.22,5.93,,6.02,-100,0,16
01-Feb-2000,9.22,16.95,-3.38,-3.94,,,-3.66,-2.45,,,13.55,13.79,13.61,-7.14,-1.67,27.17,27.17,8.27,6.07,,6.3,-100,0,16
01-Mar-2000,9.23,17.16,-3.05,-3.61,,,-3.2,-2.11,,,13.55,13.8,13.62,-7.51,-1.92,27.05,27.05,8.3,6.27,,6.26,-100,0,16
01-Apr-2000,9.23,17.39,-3.35,-3.89,,,-3.34,-2.36,,,13.54,13.8,13.62,-7.89,-2.11,26.81,26.81,8.31,6.28,1.49,6.34,-100,0,17
01-May-2000,9.24,17.67,-3.34,-3.94,,,-3.28,-2.39,,,13.54,13.79,13.61,-8.2,-2.18,26.6,26.6,8.33,6.22,,6.52,-100,0,16
01-Jun-2000,9.25,17.95,-2.99,-3.66,,,-2.9,-2.09,,,13.52,13.78,13.6,-8.58,-2.02,26.36,26.36,8.35,6.19,,6.61,-100,0,16
01-Jul-2000,9.26,18.21,-3.07,-3.76,,,-2.96,-2.14,,,13.51,13.77,13.59,-8.98,-1.9,26.09,26.09,8.37,6.36,2.99,6.41,-100,0,17
01-Aug-2000,9.26,18.48,-2.57,-3.35,,,-2.63,-1.72,,,13.51,13.77,13.59,-9.48,-2,25.81,25.81,8.38,6.24,,6.37,-100,0,16
01-Sep-2000,9.27,18.8,-2.54,-3.38,,,-2.85,-1.75,,,13.51,13.78,13.59,-9.96,-1.47,25.68,25.68,8.41,6.17,,6.21,-100,0,16
01-Oct-2000,9.29,19.22,-2.39,-3.3,,,-2.6,-1.64,,,13.5,13.77,13.59,-10.41,-1.03,25.72,25.72,8.45,6.47,2.06,6.19,-100,0,17
01-Nov-2000,9.3,19.61,-2.22,-3.17,,,-2.31,-1.43,,,13.48,13.74,13.56,-10.71,-0.97,25.64,25.64,8.48,6.33,,6.17,-100,0,16
01-Dec-2000,9.31,19.93,-1.85,-2.86,,,-1.61,-1.07,1.65,2.87,13.45,13.71,13.53,-10.87,-1.44,25.41,25.41,8.5,6.48,,5.96,-100,0,18
01-Jan-2001,9.32,20.26,-1.81,-2.91,,,-1.98,-1.1,,,13.43,13.69,13.51,-10.9,-1.55,25.13,25.13,8.52,6.86,0.33,5.45,-100,0,17
01-Feb-2001,9.32,20.48,-1.38,-2.55,,,-1.85,-0.75,,,13.4,13.66,13.47,-10.82,-1.72,24.66,24.66,8.52,7.21,,4.68,-100,0,16
01-Mar-2001,9.32,20.6,-1.46,-2.62,,,-1.54,-0.81,,,13.36,13.61,13.43,-10.43,-1.64,24.13,24.13,8.51,7.11,,4.55,-100,0,16
01-Apr-2001,9.31,20.66,-1.86,-3.05,,,-1.35,-1.27,,,13.33,13.58,13.39,-9.85,-1.7,23.65,23.65,8.5,7.69,1.94,4.17,100,0,17
01-May-2001,9.31,20.56,-1.82,-3.05,,,-1.69,-1.29,,,13.3,13.55,13.36,-9.32,-1.82,23.13,23.13,8.49,7.04,,4.02,100,0,16
01-Jun-2001,9.3,20.38,-1.89,-3.08,,,-1.7,-1.32,,,13.27,13.51,13.32,-8.69,-1.79,22.57,22.57,8.47,7.43,,3.86,100,0,16
01-Jul-2001,9.3,20.21,-1.55,-2.73,,,-1.32,-0.96,,,13.24,13.48,13.29,-7.94,-1.72,22.15,22.15,8.46,7.67,0.89,3.88,100,0,17
01-Aug-2001,9.29,19.91,-1.31,-2.52,,,-1.03,-0.73,,,13.2,13.44,13.24,-7.07,-1.88,21.67,21.67,8.45,8.07,,3.51,100,0,16
01-Sep-2001,9.29,19.75,-0.98,-2.21,,,-0.62,-0.45,,,13.15,13.39,13.19,-5.86,-1.64,21.37,21.37,8.45,8.02,,3.32,100,0,16
01-Oct-2001,9.28,19.53,-0.44,-1.76,,,-0.14,-0.11,,,13.1,13.34,13.15,-4.59,-1.55,21.1,21.1,8.45,8.12,4.26,2.45,100,0,17
01-Nov-2001,9.28,19.21,-0.97,-2.2,,,-0.67,-0.64,,,13.07,13.31,13.12,-3.28,-1.44,20.74,20.74,8.44,8.25,,2.07,100,0,16
01-Dec-2001,9.26,18.71,-1.22,-2.39,,,-1.22,-0.95,1.73,3.62,13.04,13.29,13.1,-1.98,-1.74,20.23,20.23,8.4,8.77,,2.08,-100,0,18
01-Jan-2002,9.24,18.03,-1.33,-2.37,,,-1.67,-1.06,,,13,13.25,13.07,-0.79,-1.89,19.6,19.6,8.35,8.9,4.93,2.08,-100,0,17
01-Feb-2002,9.22,17.41,-1.17,-2.09,,,-1.43,-0.94,,,12.97,13.23,13.05,0.33,-1.92,18.98,18.98,8.31,8.91,,2.23,-100,0,16
01-Mar-2002,9.2,16.76,-1.46,-2.33,,,-1.82,-1.47,,,12.95,13.21,13.04,1.18,-1.83,18.41,18.41,8.26,9.29,,2.33,-100,0,16
01-Apr-2002,9.17,15.97,-1.29,-2,,,-1.94,-1.39,,,12.91,13.19,13.01,1.94,-2.08,17.57,17.57,8.19,8.55,2.37,2.75,-100,0,17
01-May-2002,9.14,15.24,-1.73,-2.15,,,-1.7,-1.65,,,12.87,13.15,12.99,2.76,-2.22,16.73,16.73,8.11,7.85,,2.29,-100,0,16
01-Jun-2002,9.12,14.67,-1.66,-1.84,,,-1.42,-1.59,,,12.82,13.12,12.96,3.63,-2.15,16.11,16.11,8.06,7.37,,2.33,-100,0,16
01-Jul-2002,9.09,14.06,-1.46,-1.4,,,-0.76,-1.4,,,12.76,13.07,12.92,4.63,-2.36,15.39,15.39,7.99,7.31,2.92,2.03,-100,0,17
01-Aug-2002,9.06,13.54,-1.26,-0.96,,,-0.05,-1.2,,,12.72,13.03,12.88,5.54,-2.48,14.6,14.6,7.92,6.93,,1.68,-100,0,16
01-Sep-2002,9.02,12.93,-0.65,-0.02,,,0.48,-0.74,,,12.67,12.99,12.85,6.09,-2.65,13.77,13.77,7.84,6.61,,1.72,-100,0,16
01-Oct-2002,8.98,12.22,-1.3,-0.43,,,0.65,-1.16,,,12.63,12.96,12.82,6.62,-2.77,12.75,12.75,7.74,6.21,5.15,1.55,-100,0,17
01-Nov-2002,8.95,11.56,-1.82,-0.89,,,0.16,-1.56,,,12.59,12.92,12.79,7.16,-2.67,11.9,11.9,7.66,5.91,,1.42,-100,0,16
01-Dec-2002,8.92,10.92,-1.57,-0.55,,,0.33,-1.21,2.29,4.1,12.54,12.88,12.75,7.65,-2.72,11.18,11.18,7.6,5.75,,1.53,-100,0,18
01-Jan-2003,8.89,10.39,-1.83,-0.7,-0.12,1.92,0.21,-1.39,,,12.5,12.84,12.71,8.16,-2.63,10.57,10.57,7.54,5.68,3.17,1.24,-100,0,19
01-Feb-2003,8.87,9.79,-1.47,-0.27,0.25,2.35,0.63,-1.1,,,12.46,12.8,12.67,8.76,-2.71,9.95,9.95,7.49,5.54,,1.28,-100,0,18
01-Mar-2003,8.84,9.2,-1.69,-0.53,0.2,2.47,0.58,-1.21,,,12.42,12.76,12.63,9.41,-2.7,9.33,9.33,7.43,5.52,,1.22,-100,0,18
01-Apr-2003,8.83,8.84,-1.67,-0.44,0.04,2.3,0.59,-1.22,,,12.39,12.73,12.6,9.9,-2.25,9.04,9.04,7.42,5.53,6.61,1.16,-100,0,19
01-May-2003,8.81,8.49,-1.02,0.19,0.44,2.51,1.05,-0.66,,,12.36,12.71,12.58,10.23,-2.32,8.67,8.67,7.39,5.49,,1.16,-100,0,18
01-Jun-2003,8.78,7.86,-0.97,0.25,0.85,2.5,0.68,-0.74,,,12.35,12.7,12.57,10.4,-2.74,8.11,8.11,7.34,5.45,,1.13,-100,0,18
01-Jul-2003,8.75,7.1,-1.53,-0.23,0.85,2.08,-0.3,-1.54,,,12.35,12.71,12.57,10.48,-2.72,7.5,7.5,7.28,5.4,6.79,1.04,-100,0,19
01-Aug-2003,8.72,6.03,-1.4,-0.21,0.73,1.82,-0.31,-1.43,,,12.35,12.71,12.58,10.66,-2.71,6.76,6.76,7.19,5.4,,1.31,-100,0,18
01-Sep-2003,8.68,5.06,-0.63,0.51,1.14,1.89,0.12,-0.89,,,12.35,12.72,12.59,10.75,-2.68,6.11,6.11,7.11,5.34,,1.3,-100,0,18
01-Oct-2003,8.65,4.21,-0.82,0.22,1.43,2.39,0.14,-1.3,,,12.36,12.73,12.61,10.78,-2.06,5.61,5.61,7.05,5.34,7.89,1.07,-100,0,19
01-Nov-2003,8.62,3.34,-1.13,-0.06,1.25,2.34,-0.04,-1.41,,,12.35,12.74,12.61,10.79,-2.31,5.06,5.06,6.97,5.25,,1.28,-100,0,18
01-Dec-2003,8.59,2.63,-1.11,0.06,1.18,2.32,0.03,-1.31,2.12,3.69,12.36,12.76,12.63,10.74,-2.65,4.57,4.57,6.9,5.18,,1.46,-100,0,20
01-Jan-2004,8.56,1.85,-1.08,0.21,1.19,1.82,-0.45,-1.13,,,12.38,12.78,12.66,10.59,-2.81,4.05,4.05,6.82,5.12,6.16,1.24,-100,0,19
01-Feb-2004,8.53,1.13,-0.59,0.72,1.64,1.93,-0.3,-0.82,,,12.41,12.81,12.69,10.32,-2.86,3.55,3.55,6.74,5.05,,1.27,-100,0,18
01-Mar-2004,8.49,0.33,-0.39,0.83,2,2.2,-0.19,-0.6,,,12.43,12.84,12.72,10.08,-2.75,3.01,3.01,6.65,4.98,,1.17,-100,0,18
01-Apr-2004,8.46,-0.64,-1.12,-0.07,1.51,1.85,-0.78,-1.21,,,12.45,12.86,12.74,9.97,-3.12,2.44,2.44,6.55,4.91,5.97,1.21,-100,0,19
01-May-2004,8.43,-1.66,-1.27,-0.42,1.3,2.09,-0.48,-1.28,,,12.45,12.86,12.74,10.05,-2.98,2.02,2.02,6.47,4.83,,1.62,-100,0,18
01-Jun-2004,8.4,-2.35,-1.27,-0.59,1.2,1.96,-0.51,-1.19,,,12.46,12.87,12.75,10.08,-2.8,1.73,1.73,6.41,4.78,,1.88,-100,0,18
01-Jul-2004,8.39,-2.76,-1.02,-0.48,1.46,1.98,-0.5,-0.96,,,12.45,12.86,12.75,10.04,-2.37,1.66,1.66,6.38,4.78,4.46,2.04,-100,0,19
01-Aug-2004,8.4,-2.94,-0.5,-0.07,1.77,2.31,0.04,-0.47,,,12.45,12.86,12.74,9.92,-1.49,1.81,1.81,6.39,4.78,,2.1,-100,0,18
01-Sep-2004,8.4,-2.99,-0.49,-0.18,1.85,2.44,0.1,-0.34,,,12.44,12.85,12.74,9.74,-1.56,1.93,1.93,6.4,4.79,,1.98,-100,0,18
01-Oct-2004,8.41,-2.78,-0.34,-0.16,1.98,2.65,0.33,-0,,,12.44,12.85,12.73,9.53,-1.16,2.2,2.2,6.44,4.84,4.39,2.23,-100,0,19
01-Nov-2004,8.42,-2.5,-0.36,-0.51,2.32,2.69,0.01,-0.05,,,12.44,12.84,12.73,9.15,-1.01,2.54,2.54,6.49,4.89,,2.3,-100,0,18
01-Dec-2004,8.43,-2.53,-0.04,-0.49,2.53,2.55,-0.02,0.19,2.02,3.65,12.44,12.84,12.73,8.71,-1.37,2.77,2.77,6.52,4.91,,2.66,-100,0,20
01-Jan-2005,8.44,-2.52,0.16,-0.52,2.58,2.05,-0.37,0.26,,,12.43,12.83,12.72,8.34,-1.17,3.07,3.07,6.56,4.96,3.5,2.77,-100,0,19
01-Feb-2005,8.46,-2.5,-0,-0.74,2.73,2.28,-0.45,0.1,,,12.42,12.83,12.71,7.91,-1.01,3.48,3.45,6.62,5.01,,2.98,-100,0,18
01-Mar-2005,8.49,-2.18,0.03,-0.78,2.74,2.08,-0.63,0.05,,,12.41,12.82,12.71,7.46,-0.37,4.03,4.85,6.71,5.08,,3.26,-100,0,18
01-Apr-2005,8.52,-1.88,0.38,-0.49,2.88,2.32,-0.18,0.39,,,12.4,12.81,12.7,6.99,-0.33,4.5,4.82,6.79,5.15,1.95,3.41,-100,0,19
01-May-2005,8.54,-1.69,0.84,-0.14,3.19,2.82,0.47,0.74,,,12.39,12.8,12.69,6.4,-0.58,4.86,3.97,6.85,5.2,,3.39,-100,0,18
01-Jun-2005,8.55,-1.66,0.89,-0.15,3.16,2.73,0.46,0.76,,,12.39,12.79,12.68,5.85,-0.88,5.05,3.07,6.88,5.22,,3.32,-100,0,18
01-Jul-2005,8.56,-1.68,0.8,-0.39,3.2,2.52,0.12,0.48,,,12.39,12.8,12.69,5.22,-1.18,5.19,2.11,6.9,5.24,2.2,3.61,-100,0,19
01-Aug-2005,8.56,-1.75,1.19,-0.05,3.32,2.4,0.27,0.78,,,12.39,12.81,12.7,4.58,-1.17,5.27,2.11,6.92,5.23,,3.88,-100,0,18
01-Sep-2005,8.56,-1.91,0.78,-0.44,3.42,2.63,-0.01,0.36,,,12.39,12.82,12.71,4.05,-1.06,5.32,2.3,6.92,5.23,,3.71,-100,0,18
01-Oct-2005,8.56,-2.16,0.6,-0.63,3.23,2.42,-0.21,0.09,,,12.38,12.82,12.71,3.54,-1.16,5.36,1.84,6.92,5.24,1.53,4.14,-100,0,19
01-Nov-2005,8.56,-2.4,0.47,-0.71,2.9,2.49,0.06,0.02,,,12.38,12.81,12.7,3.11,-1.2,5.36,1.51,6.91,5.24,,4.35,-100,0,18
01-Dec-2005,8.56,-2.5,0.47,-0.71,2.74,2.34,0.07,0.05,2.2,4.08,12.37,12.81,12.7,2.73,-1.12,5.41,1.33,6.91,5.25,,4.4,-100,0,20
01-Jan-2006,8.56,-2.59,0.43,-0.77,2.95,2.2,-0.32,-0.05,,,12.37,12.81,12.7,2.23,-1.17,5.45,0.81,6.91,5.26,2.08,4.4,-100,0,19
01-Feb-2006,8.55,-2.7,0.38,-0.81,2.88,2.14,-0.36,-0.11,,,12.37,12.81,12.7,1.77,-1.34,5.4,0.02,6.89,5.26,,4.6,-100,0,18
01-Mar-2006,8.55,-2.75,0.13,-1.06,2.79,2.02,-0.64,-0.37,,,12.37,12.82,12.71,1.31,-1.31,5.34,0.04,6.87,5.26,,4.71,-100,0,18
01-Apr-2006,8.54,-2.8,0.1,-1.13,2.76,2.31,-0.35,-0.45,,,12.38,12.83,12.71,0.82,-1.12,5.31,0.65,6.85,5.26,1.5,4.83,-100,0,19
01-May-2006,8.54,-2.87,0.08,-1.22,2.75,2.3,-0.37,-0.47,,,12.37,12.83,12.71,0.38,-1.09,5.22,0.64,6.82,5.24,,4.93,-100,0,18
01-Jun-2006,8.53,-2.83,0.03,-1.31,2.65,2.4,-0.22,-0.5,,,12.37,12.83,12.71,0.04,-0.84,5.19,1.43,6.8,5.24,,5.04,-100,0,18
01-Jul-2006,8.53,-2.86,0.19,-1.19,2.67,2.43,-0.05,-0.33,,,12.35,12.82,12.7,-0.28,-0.92,5.15,1.04,6.77,5.24,0.34,5.21,-100,0,19
01-Aug-2006,8.53,-2.77,0.51,-0.91,2.96,2.7,0.25,-0.03,,,12.34,12.81,12.69,-0.58,-0.68,5.17,1.61,6.76,5.25,,5.06,-100,0,18
01-Sep-2006,8.53,-2.74,0.69,-0.75,3.01,2.67,0.35,0.19,,,12.34,12.8,12.68,-0.88,-0.48,5.22,2.04,6.75,5.25,,4.94,-100,0,18
01-Oct-2006,8.53,-2.75,0.97,-0.59,3.17,2.47,0.27,0.43,,,12.34,12.8,12.68,-1.24,-0.56,5.22,1.67,6.73,5.25,1.87,4.88,-100,0,19
01-Nov-2006,8.52,-2.75,1,-0.6,3.17,2.46,0.29,0.61,,,12.33,12.8,12.68,-1.55,-0.48,5.19,1.87,6.71,5.24,,4.84,-100,0,18
01-Dec-2006,8.51,-2.64,0.73,-0.93,3.19,2.48,0.02,0.45,1.97,4.16,12.33,12.8,12.68,-1.82,-0.72,5.14,1.06,6.69,5.24,,4.74,-100,0,20
01-Jan-2007,8.51,-2.45,0.63,-1.05,3.02,1.86,-0.53,0.43,,,12.33,12.8,12.68,-2,-0.84,5.08,0.53,6.66,5.23,2.11,4.95,-100,0,19
01-Feb-2007,8.5,-2.22,0.98,-0.75,3.18,1.92,-0.28,0.85,,,12.32,12.8,12.68,-2.17,-0.7,5.07,0.98,6.65,5.23,,5.03,-100,0,18
01-Mar-2007,8.5,-2.04,0.89,-0.85,3.36,2.22,-0.25,0.92,,,12.32,12.79,12.67,-2.27,-0.7,5.03,0.86,6.63,5.23,,4.82,-100,0,18
01-Apr-2007,8.5,-1.64,0.95,-0.81,3.32,2.15,-0.22,1.11,,,12.31,12.79,12.67,-2.38,-0.58,5.02,1.19,6.61,5.23,2.48,4.83,-100,0,19
01-May-2007,8.5,-1.17,0.78,-1,3.31,2.27,-0.26,1.09,,,12.32,12.8,12.67,-2.48,-0.3,5.06,1.92,6.6,5.24,,4.86,-100,0,18
01-Jun-2007,8.49,-0.88,0.87,-0.99,3.21,1.83,-0.51,1.33,,,12.32,12.8,12.68,-2.54,-0.28,5.07,1.75,6.59,5.23,,5,-100,0,18
01-Jul-2007,8.48,-0.59,1.13,-0.73,3.27,1.99,-0.15,1.87,,,12.32,12.8,12.68,-2.62,-0.34,5,1.42,6.56,5.22,0.75,4.92,-100,0,19
01-Aug-2007,8.48,-0.28,1.35,-0.55,3.45,2.39,0.29,2.36,,,12.32,12.8,12.67,-2.43,-0.37,4.92,1.25,6.54,5.2,,4.73,-100,0,18
01-Sep-2007,8.47,0.11,1.27,-0.69,3.6,2.53,0.2,2.41,,,12.33,12.8,12.67,-2.2,-0.32,4.86,1.39,6.51,5.19,,4.29,-100,0,18
01-Oct-2007,8.46,0.67,1.28,-0.71,3.56,2.54,0.26,2.55,,,12.33,12.8,12.67,-1.94,-0.26,4.84,1.69,6.5,5.2,0.82,4.09,-100,0,19
01-Nov-2007,8.47,1.23,1.76,-0.26,3.96,2.94,0.74,3.16,,,12.32,12.79,12.66,-1.41,0.01,4.91,2.37,6.5,5.22,,3.87,-100,0,18
01-Dec-2007,8.47,1.69,1.65,-0.37,3.9,3.18,0.93,3.07,2.06,4.37,12.31,12.78,12.65,-0.8,-0.13,4.95,1.57,6.5,5.21,,3.19,-100,0,20
01-Jan-2008,8.47,2.08,2.05,0.01,4.25,3.15,0.95,3.46,,,12.29,12.76,12.64,-0.02,-0.15,4.98,1.2,6.49,5.22,-0.49,3.21,100,0,19
01-Feb-2008,8.47,2.47,2.15,0.13,4.27,3.54,1.42,3.58,,,12.28,12.74,12.61,1.04,-0.14,5.01,1.2,6.48,5.23,,2.08,100,0,18
01-Mar-2008,8.47,2.91,2.42,0.36,4.78,4.08,1.72,3.78,,,12.26,12.72,12.59,2.37,-0.04,5.07,1.4,6.48,5.23,,1.62,100,0,18
01-Apr-2008,8.47,3.07,1.91,-0.06,4.32,4.46,2.05,3.25,,,12.24,12.7,12.57,3.67,-0.05,5.07,1.35,6.47,5.23,2.37,1.62,100,0,19
01-May-2008,8.47,3.35,1.48,-0.43,4.08,4.21,1.61,2.8,,,12.22,12.68,12.55,4.82,-0.01,5.12,1.51,6.47,5.24,,1.98,100,0,18
01-Jun-2008,8.48,3.86,1.58,-0.34,3.94,4.14,1.78,2.75,,,12.19,12.65,12.52,5.96,0.16,5.24,1.92,6.48,5.28,,2.25,100,0,18
01-Jul-2008,8.49,4.49,1.59,-0.34,4.01,4.8,2.38,2.47,,,12.17,12.62,12.5,7.37,0.46,5.42,2.65,6.5,5.31,1.28,2.32,100,0,19
01-Aug-2008,8.5,5.22,1.86,-0.01,4.01,4.87,2.72,2.57,,,12.15,12.6,12.47,8.47,0.54,5.59,2.72,6.52,5.35,,2.19,100,0,18
01-Sep-2008,8.5,5.8,1.54,-0.11,3.54,4.62,2.62,2.27,,,12.11,12.56,12.44,9.81,0.5,5.66,2.48,6.52,5.37,,2.13,100,0,18
01-Oct-2008,8.51,6.29,1.1,-0.35,2.36,4.61,3.35,1.75,,,12.06,12.51,12.39,11.81,0.44,5.74,2.06,6.52,5.39,2.5,1.66,100,0,19
01-Nov-2008,8.51,6.84,2.16,0.96,2.2,6,5.96,2.75,,,12.01,12.46,12.33,13.9,0.31,5.81,1.41,6.52,5.4,,1.33,100,0,18
01-Dec-2008,8.51,7.25,2.5,1.6,2.58,7.38,7.3,3.08,4.05,6.43,11.96,12.41,12.28,15.87,0.28,5.79,1.13,6.5,5.4,,0.71,100,0,20
01-Jan-2009,8.51,7.67,1.93,1.29,2.89,7.2,6.24,2.48,,,11.91,12.36,12.23,17.65,0.23,5.76,0.88,6.49,5.4,1.69,0.38,100,0,19
01-Feb-2009,8.49,7.98,1.72,1.24,2.99,8.27,7,2.17,,,11.85,12.3,12.17,19.27,0.26,5.63,0.92,6.46,5.38,,0.54,100,0,18
01-Mar-2009,8.48,8.27,2.02,1.71,3.02,9.71,8.71,2.3,,,11.8,12.25,12.12,20.68,0.2,5.46,0.82,6.42,5.36,,0.72,100,0,18
01-Apr-2009,8.47,8.61,1.25,1.12,2.84,9.21,7.62,1.44,,,11.76,12.2,12.08,21.9,0.4,5.29,1.62,6.38,5.34,6.01,0.59,100,0,19
01-May-2009,8.45,8.84,0.62,0.75,2.37,7.89,6.14,0.8,,,11.71,12.16,12.04,23.19,0.19,5.12,1.04,6.35,5.32,,0.53,100,0,18
01-Jun-2009,8.44,8.95,0.52,0.93,2.19,7.16,5.49,0.61,,,11.67,12.12,12,24.38,0.03,4.95,0.59,6.31,5.3,,0.51,100,0,18
01-Jul-2009,8.42,8.81,0.57,1.26,2.27,7.02,5.32,0.56,,,11.64,12.09,11.97,25.27,0.04,4.72,0.65,6.26,5.27,6,0.52,-100,0,19
01-Aug-2009,8.39,8.36,0.47,1.27,2.1,6.43,4.8,0.47,,,11.61,12.06,11.94,26.04,0.02,4.41,0.61,6.21,5.23,,0.55,-100,0,18
01-Sep-2009,8.37,8.03,0.61,1.6,2.28,6.41,4.74,0.11,,,11.59,12.05,11.93,26.36,0.34,4.18,1.54,6.16,5.2,,0.42,-100,0,18
01-Oct-2009,8.35,7.44,1.33,2.69,3.26,6.44,4.51,-0.57,,,11.59,12.05,11.93,25.93,0.17,3.87,1.05,6.1,5.16,5.63,0.38,-100,0,19
01-Nov-2009,8.3,6.47,0.82,3.34,2.75,6.92,4.99,-1.06,,,11.6,12.07,11.95,25.05,-0.05,3.32,0.49,6.01,5.07,,0.39,-100,0,18
01-Dec-2009,8.26,5.56,-0.97,2.65,1.52,6.55,4.06,-1.82,2.6,4.36,11.62,12.09,11.97,24.18,0.25,2.75,1.62,5.91,4.94,,0.29,-100,0,20
01-Jan-2010,8.21,4.56,-1.91,2.96,0.35,5.85,3.59,-1.7,,,11.65,12.12,12,23.33,0.13,2.18,1.35,5.81,4.83,4.64,0.55,-100,0,19
01-Feb-2010,8.16,3.51,-2.09,3.47,0.1,6.41,4.22,-1.78,,,11.7,12.17,12.05,22.41,0.62,1.65,2.79,5.72,4.74,,0.35,-100,0,18
01-Mar-2010,8.12,2.25,-2.58,3.67,-0.25,6.37,4.04,-1.92,,,11.74,12.22,12.1,21.22,0.71,1.07,3.14,5.63,4.6,,0.34,-100,0,18
01-Apr-2010,8.07,1.01,-2.88,2.98,-0.69,7.02,4.83,-1.75,,,11.77,12.25,12.13,20.23,0.89,0.48,3.77,5.53,4.47,3.95,0.48,-100,0,19
01-May-2010,8.02,-0.05,-2.53,2.94,-0.53,7.26,5.26,-1.36,,,11.79,12.26,12.14,19.46,0.54,-0.03,3.11,5.44,4.29,,0.46,-100,0,18
01-Jun-2010,7.98,-0.91,-2.18,3.13,-0.47,8.4,6.69,-0.95,,,11.79,12.26,12.15,18.8,0.32,-0.48,-0.48,5.36,4.19,,0.43,-100,0,18
01-Jul-2010,7.94,-1.63,-2.14,3.05,-0.44,9.24,7.54,-0.89,,,11.8,12.27,12.15,18.21,0.65,-0.86,-0.86,5.28,4.09,2.72,0.35,-100,0,19
01-Aug-2010,7.91,-2.2,-1.56,3.06,-0.11,9.27,7.82,-0.37,,,11.79,12.26,12.15,17.77,1.19,-1.15,-1.15,5.22,4.14,,0.32,-100,0,18
01-Sep-2010,7.89,-2.67,-1.49,2.78,0.13,9.96,8.34,0.04,,,11.79,12.26,12.15,17.4,1,-1.38,-1.38,5.17,4.18,,0.3,-100,0,18
01-Oct-2010,7.87,-3.01,-1.46,2.54,0.64,9.96,7.86,0.77,,,11.8,12.27,12.16,17.01,1.45,-1.5,-1.5,5.14,4.06,5.07,0.28,-100,0,19
01-Nov-2010,7.87,-2.9,-0.48,2.24,1.66,9.53,7.39,1.63,,,11.81,12.27,12.16,16.69,3.86,-1.27,-1.27,5.15,4.07,,0.24,-100,0,18
01-Dec-2010,7.89,-2.62,0.14,1.62,2.4,9.52,7.26,1.93,2.24,5.2,11.82,12.28,12.17,16.43,4.94,-0.84,9.53,5.19,4.12,,0.32,-100,0,20
01-Jan-2011,7.91,-2.28,1.12,1.45,3.48,8.1,5.74,2.07,,,11.84,12.29,12.18,16.16,4.99,-0.36,9.46,5.23,4.14,5.91,0.3,-100,0,19
01-Feb-2011,7.94,-1.78,1.56,1.6,3.74,7.82,5.64,2.48,,,11.85,12.31,12.2,15.87,5.13,0.14,9.65,5.28,4.18,,0.3,-100,0,18
01-Mar-2011,7.97,-1.19,1.53,1.29,4.04,7.89,5.38,2.47,,,11.87,12.31,12.2,15.74,5.94,5.94,10.54,5.35,4.28,,0.27,-100,0,18
01-Apr-2011,8.01,-0.33,1.77,1.27,4.23,9.08,6.62,2.63,,,11.88,12.32,12.21,15.68,6.65,6.65,11.26,5.44,4.41,4.77,0.32,-100,0,19
01-May-2011,8.05,0.39,2.55,1.83,4.82,9.06,6.79,3.3,,,11.89,12.34,12.23,15.54,5.01,5.01,9.93,5.52,4.56,,0.24,-100,0,18
01-Jun-2011,8.07,0.77,2.82,1.89,5.24,9.41,6.99,3.49,,,11.92,12.36,12.25,15.41,4.05,4.05,9.11,5.57,4.61,,0.2,-100,0,18
01-Jul-2011,8.08,1.03,3.39,2.26,5.59,9.83,7.63,3.98,,,11.93,12.37,12.26,15.27,3.55,3.55,8.8,5.6,4.67,3.11,0.23,-100,0,19
01-Aug-2011,8.09,1.19,4.09,2.83,6.18,10.62,8.53,4.66,,,11.94,12.38,12.27,15.32,3.23,3.23,8.55,5.63,4.71,,0.26,-100,0,18
01-Sep-2011,8.09,1.19,4.34,2.99,6.18,11.44,9.6,4.95,,,11.92,12.36,12.25,15.44,2.26,2.26,7.4,5.66,4.74,,0.13,-100,0,18
01-Oct-2011,8.09,1.24,3.96,2.54,5.94,12.17,10.19,4.64,,,11.92,12.36,12.25,15.63,1.75,1.75,6.79,5.68,4.78,3.86,0.17,-100,0,19
01-Nov-2011,8.1,1.37,4.07,2.53,6.15,11.18,9.1,4.76,,,11.91,12.35,12.24,15.81,1.38,1.38,6.36,5.71,4.78,,0.15,-100,0,18
01-Dec-2011,8.1,1.53,4.19,2.58,6.11,11.19,9.27,4.9,2.71,6.01,11.9,12.33,12.23,16,1.06,1.06,5.99,5.75,4.8,,0.16,-100,0,20
01-Jan-2012,8.11,1.73,4.2,2.52,6.14,10.55,8.61,4.9,,,11.89,12.32,12.22,16.14,0.76,0.76,5.58,5.79,4.84,6.19,0.15,-100,0,19
01-Feb-2012,8.12,1.92,3.97,2.28,6.2,10.3,8.07,4.7,,,11.88,12.31,12.21,16.21,0.53,0.53,5.43,5.84,4.88,,0.17,-100,0,18
01-Mar-2012,8.13,2.26,3.9,2.14,6.27,9.84,7.47,4.59,,,11.87,12.31,12.2,16.25,0.77,0.77,5.95,5.9,4.93,,0.2,-100,0,18
01-Apr-2012,8.14,2.43,4.16,2.37,6.32,10.37,8.21,4.83,,,11.86,12.29,12.19,16.29,0.32,0.32,5.07,5.94,4.95,4.09,0.24,-100,0,19
01-May-2012,8.14,2.51,4.55,2.75,6.48,10.75,8.82,5.22,,,11.84,12.28,12.18,16.4,0.03,0.03,4.42,5.98,4.98,,0.22,-100,0,18
01-Jun-2012,8.16,2.77,4.78,2.85,6.95,11.47,9.3,5.35,,,11.83,12.27,12.17,16.45,0.54,5.53,5.53,6.03,5.04,,0.21,-100,0,18
01-Jul-2012,8.17,3.1,4.82,2.91,6.93,11.21,9.1,5.42,,,11.82,12.26,12.16,16.5,0.88,6.15,6.15,6.08,5.06,3.57,0.26,-100,0,19
01-Aug-2012,8.19,3.52,5.59,3.42,7.75,11.06,8.9,5.96,,,11.83,12.26,12.16,16.37,0.98,6.23,6.23,6.13,5.09,,0.19,-100,0,18
01-Sep-2012,8.19,3.67,5.67,3.43,8.03,11.04,8.68,5.96,,,11.84,12.28,12.18,16.22,0.98,6.15,6.15,6.15,5.11,,0.2,-100,0,18
01-Oct-2012,8.19,3.71,5.48,3.24,7.95,10.57,8.1,5.71,,,11.84,12.28,12.18,16.12,0.8,5.65,5.65,6.16,5.11,3.19,0.2,-100,0,19
01-Nov-2012,8.18,3.61,5.47,3.3,7.86,10.82,8.43,5.69,,,11.85,12.28,12.18,16.11,0.53,4.95,4.95,6.16,5.09,,0.23,-100,0,18
01-Dec-2012,8.18,3.53,5.21,3.09,7.75,10.74,8.2,5.46,2.47,5.78,11.85,12.28,12.19,16.12,0.42,4.57,4.57,6.15,5.07,,0.22,-100,0,20
01-Jan-2013,8.17,3.41,4.67,2.69,7.3,10.01,7.38,5.02,,,11.86,12.29,12.19,16.17,0.22,4,4,6.14,5.06,4.84,0.19,-100,0,19
01-Feb-2013,8.17,3.32,4.58,2.7,7.04,9.56,7.1,5,,,11.86,12.29,12.19,16.26,0.05,3.52,3.52,6.13,5.03,,0.19,-100,0,18
01-Mar-2013,8.16,3.22,4.47,2.66,6.93,9.52,7.06,4.9,,,11.86,12.29,12.19,16.33,-0.07,3.1,3.1,6.12,5.03,,0.18,-100,0,18
01-Apr-2013,8.17,3.25,4.69,2.89,7.04,10.16,7.81,5.04,,,11.87,12.29,12.2,16.37,0.1,3.6,3.6,6.12,5.06,6.76,0.16,-100,0,19
01-May-2013,8.16,3.18,4.43,2.62,6.95,9.82,7.3,4.7,,,11.88,12.31,12.22,16.33,0.05,3.4,3.4,6.11,5.05,,0.15,-100,0,18
01-Jun-2013,8.16,2.96,4.14,2.35,6.41,8.98,6.71,4.44,,,11.89,12.32,12.23,16.35,0.11,3.47,3.47,6.1,5.04,,0.17,-100,0,18
01-Jul-2013,8.15,2.72,3.87,2.16,6.01,8.96,6.82,4.26,,,11.91,12.34,12.24,16.41,0.46,4.25,4.25,6.08,5.02,5.14,0.16,-100,0,19
01-Aug-2013,8.15,2.47,3.45,1.89,5.68,8.49,6.26,3.96,,,11.92,12.34,12.25,16.52,0.36,3.84,3.84,6.07,5.04,,0.14,-100,0,18
01-Sep-2013,8.16,2.62,3.39,1.95,5.37,8.69,6.71,4.08,,,11.93,12.35,12.26,16.67,1.29,5.95,5.95,6.09,5.09,,0.16,-100,0,18
01-Oct-2013,8.18,2.83,3.45,2.06,5.59,8.65,6.51,4.3,,,11.95,12.37,12.28,16.72,1.5,6.26,6.26,6.11,5.12,4.9,0.14,-100,0,19
01-Nov-2013,8.19,2.98,3.45,2.04,5.65,8.17,5.97,4.41,,,11.97,12.39,12.3,16.62,1.41,5.9,5.9,6.13,5.16,,0.14,-100,0,18
01-Dec-2013,8.2,3.16,3.04,1.67,5.34,7.75,5.45,4.1,2.03,4.96,11.99,12.41,12.32,16.51,1.45,5.76,5.76,6.13,5.14,,0.15,-100,0,20
01-Jan-2014,8.21,3.36,3.17,1.9,5.21,7.17,5.13,4.38,,,12,12.42,12.33,16.46,1.5,5.63,5.63,6.14,5.15,5.47,0.15,-100,0,19
01-Feb-2014,8.22,3.68,3.09,1.87,5.2,7.59,5.48,4.39,,,12.01,12.44,12.35,16.44,1.32,5.08,5.08,6.14,5.2,,0.13,-100,0,18
01-Mar-2014,8.22,4.01,2.9,1.73,5.07,7.28,5.11,4.37,,,12.02,12.45,12.36,16.43,1.14,4.61,4.61,6.13,5.24,,0.12,-100,0,18
01-Apr-2014,8.23,4.34,2.91,1.76,5.04,7.71,5.58,4.57,,,12.03,12.46,12.37,16.45,1.06,4.42,4.42,6.13,5.25,5.17,0.12,-100,0,19
01-May-2014,8.24,4.69,2.93,1.79,5.04,7.82,5.71,4.75,,,12.04,12.46,12.37,16.48,1.19,4.66,4.66,6.13,5.26,,0.1,-100,0,18
01-Jun-2014,8.25,5.2,3.02,1.83,5.18,7.7,5.54,4.94,,,12.05,12.47,12.39,16.39,1.57,5.36,5.36,6.14,5.3,,0.1,-100,0,18
01-Jul-2014,8.27,5.79,2.87,1.68,5.17,7.62,5.32,4.9,,,12.05,12.48,12.39,16.29,1.8,5.7,5.7,6.16,5.35,5.27,0.13,-100,0,19
01-Aug-2014,8.28,6.48,3.16,1.93,5.29,7.82,5.69,5.3,,,12.06,12.49,12.4,16.17,1.73,5.36,5.36,6.17,5.38,,0.11,-100,0,18
01-Sep-2014,8.3,7.01,3.01,1.75,5.07,7.13,5.07,5.69,,,12.06,12.49,12.4,16.03,1.65,5.05,5.05,6.18,5.4,,0.12,-100,0,18
01-Oct-2014,8.31,7.62,3.14,1.85,5.11,7.33,5.36,6.56,,,12.06,12.49,12.41,16,1.59,4.77,4.77,6.18,5.42,5.97,0.12,-100,0,19
01-Nov-2014,8.32,8.58,3.22,1.88,4.95,7.11,5.38,7.56,,,12.06,12.49,12.41,15.93,1.77,4.95,4.95,6.19,5.44,,0.15,-100,0,18
01-Dec-2014,8.34,9.73,3.27,1.85,4.93,6.91,5.25,8.02,2.24,5.78,12.06,12.49,12.41,15.85,2.19,5.53,5.53,6.21,5.48,,0.15,-100,0,20
01-Jan-2015,8.36,10.88,3.82,2.34,5.23,6.77,5.36,8.95,,,12.06,12.48,12.4,15.77,2.23,5.29,5.29,6.23,5.54,5.6,0.29,-100,0,19
01-Feb-2015,8.38,11.9,3.53,2.07,5.27,7.05,5.31,9.29,,,12.06,12.48,12.4,15.66,2.11,4.78,4.78,6.25,5.54,,0.2,-100,0,18
01-Mar-2015,8.39,12.93,3.46,2.07,5.12,6.69,5.03,9.09,,,12.06,12.48,12.4,15.61,2.06,4.69,4.69,6.26,5.57,,0.27,-100,0,18
01-Apr-2015,8.4,13.99,3.36,1.98,5.33,7.5,5.53,8.99,,,12.05,12.48,12.4,15.52,1.99,4.42,4.42,6.26,5.6,5.1,0.29,-100,0,19
01-May-2015,8.42,14.95,3.26,1.89,5.05,7.24,5.45,8.82,,,12.06,12.48,12.4,15.48,2.01,4.3,4.3,6.27,5.63,,0.28,-100,0,18
01-Jun-2015,8.43,15.8,2.91,1.56,4.76,7.01,5.16,7.95,,,12.05,12.47,12.39,15.53,1.82,3.68,3.68,6.27,5.65,,0.3,-100,0,18
01-Jul-2015,8.44,16.66,3.03,1.67,4.73,7.2,5.5,7.7,,,12.05,12.47,12.39,15.59,2.04,4.09,4.09,6.27,5.69,3.35,0.32,-100,0,19
01-Aug-2015,8.45,17.4,3.1,1.69,4.75,6.93,5.28,7.5,,,12.04,12.46,12.38,15.67,1.95,3.67,3.67,6.28,5.73,,0.35,-100,0,18
01-Sep-2015,8.46,18.04,3.21,1.8,4.62,6.96,5.55,5.41,,,12.03,12.44,12.36,15.86,2.06,3.8,3.8,6.28,5.74,,0.42,-100,0,18
01-Oct-2015,8.47,18.58,3.31,1.81,4.9,7.21,5.62,4.29,,,12.02,12.43,12.35,15.94,2.1,3.76,3.76,6.29,5.78,3.98,0.37,-100,0,19
01-Nov-2015,8.48,18.6,2.91,1.55,4.43,6.44,4.92,3.27,,,12.01,12.42,12.34,16.04,2.07,3.47,3.47,6.28,5.77,,0.46,-100,0,18
01-Dec-2015,8.49,18.44,2.77,1.46,4.31,6.31,4.77,3.01,2.46,6.12,12,12.41,12.33,16.15,1.9,2.86,2.86,6.29,5.8,,0.66,-100,0,20
01-Jan-2016,8.49,18.2,3.1,1.83,4.37,6.15,4.88,3.2,,,11.98,12.39,12.31,16.36,1.88,2.72,2.72,6.29,5.83,2.47,0.79,-100,0,19
01-Feb-2016,8.5,17.88,3.12,1.96,4.39,6.74,5.47,3.17,,,11.96,12.37,12.29,16.55,1.89,2.74,2.74,6.29,5.84,,0.66,-100,0,18
01-Mar-2016,8.51,17.51,3.04,1.96,4.48,6.92,5.48,3.01,,,11.94,12.35,12.27,16.62,2.02,2.97,2.97,6.29,5.87,,0.7,-100,0,18
01-Apr-2016,8.51,16.81,2.91,1.9,4.55,7.15,5.51,2.82,,,11.93,12.34,12.26,16.67,1.96,2.71,2.71,6.28,5.89,3.48,0.61,-100,0,19
01-May-2016,8.52,16.32,2.79,1.89,4.42,7.2,5.57,2.67,,,11.92,12.32,12.24,16.7,2.06,2.87,2.87,6.28,5.87,,0.59,-100,0,18
01-Jun-2016,8.52,16.1,3.1,2.28,4.42,7.18,5.86,2.93,,,11.9,12.31,12.23,16.65,2.06,2.77,2.77,6.28,5.91,,0.72,-100,0,18
01-Jul-2016,8.52,15.94,3.07,2.33,4.49,7.33,5.91,2.86,,,11.89,12.3,12.22,16.52,1.96,2.31,2.31,6.27,5.93,3.55,0.51,-100,0,19
01-Aug-2016,8.52,15.78,3,2.31,4.49,7.29,5.8,2.7,,,11.89,12.3,12.22,16.35,1.95,2.12,2.12,6.26,5.9,,0.57,-100,0,18
01-Sep-2016,8.52,15.71,3.14,2.48,4.62,7.7,6.22,2.67,,,11.89,12.3,12.22,16.09,2.06,2.28,2.28,6.25,5.9,,0.67,-100,0,18
01-Oct-2016,8.51,15.54,2.64,2.08,4.38,7.88,6.14,2.25,,,11.88,12.29,12.21,15.93,2.01,2.04,2.04,6.23,5.87,4.41,0.66,-100,0,19
01-Nov-2016,8.51,15.45,1.92,1.44,3.97,8.06,6.01,1.57,,,11.88,12.28,12.2,15.82,2.27,2.63,2.63,6.21,5.86,,0.68,-100,0,18
01-Dec-2016,8.5,15.31,1.83,1.4,3.72,7.7,5.81,1.46,2.41,5.69,11.88,12.28,12.2,15.67,1.98,1.52,1.52,6.19,5.86,,0.87,-100,0,20
01-Jan-2017,8.5,15.1,2.06,1.68,4.09,7.1,5.07,1.55,,,11.89,12.29,12.21,15.39,2,1.38,1.38,6.17,5.86,5.23,0.9,-100,0,19
01-Feb-2017,8.49,14.77,2.18,1.81,4.14,7.08,5.12,1.62,,,11.9,12.31,12.22,15.1,2.12,1.6,1.6,6.14,5.82,,0.87,-100,0,18
01-Mar-2017,8.47,14.26,1.88,1.54,3.79,6.82,4.91,1.46,,,11.91,12.31,12.23,14.81,2.01,1.19,1.19,6.1,5.8,,0.97,-100,0,18
01-Apr-2017,8.46,13.99,1.87,1.57,3.77,8.04,6.14,1.52,,,11.91,12.31,12.23,14.52,2.08,1.39,1.39,6.08,5.8,4.62,1.06,-100,0,19
01-May-2017,8.46,13.78,1.98,1.68,3.72,8.2,6.46,1.59,,,11.91,12.32,12.24,14.17,2.1,1.34,1.34,6.05,5.78,,1.11,-100,0,18
01-Jun-2017,8.45,13.42,1.85,1.56,3.7,8.2,6.35,1.48,,,11.92,12.32,12.24,13.79,2.09,1.33,1.33,6.03,5.77,,1.19,-100,0,18
01-Jul-2017,8.44,13.09,1.74,1.45,3.49,8.55,6.8,1.45,,,11.92,12.32,12.24,13.47,2.18,1.57,1.57,6,5.77,4.25,1.26,-100,0,19
01-Aug-2017,8.44,12.74,1.92,1.59,3.61,8.66,6.97,1.62,,,11.93,12.33,12.25,13.17,2.25,1.66,1.66,5.99,5.78,,1.24,-100,0,18
01-Sep-2017,8.44,12.69,1.77,1.41,3.73,8.91,6.95,1.46,,,11.93,12.33,12.25,12.82,2.48,2.21,2.21,5.98,5.79,,1.24,-100,0,18
01-Oct-2017,8.44,12.8,1.78,1.39,3.66,8.7,6.82,1.49,,,11.94,12.34,12.26,12.42,2.87,3.15,3.15,5.97,5.78,5.26,1.33,-100,0,19
01-Nov-2017,8.44,12.84,1.78,1.3,3.7,8.62,6.7,1.5,,,11.95,12.35,12.27,11.95,2.64,2.39,2.39,5.96,5.79,,1.46,-100,0,18
01-Dec-2017,8.44,12.86,1.73,1.19,3.63,8.51,6.61,1.51,2.36,5.08,11.96,12.35,12.27,11.47,2.5,1.83,1.83,5.95,5.78,,1.63,-100,0,20
01-Jan-2018,8.44,13.01,1.44,0.84,3.62,7.47,5.29,1.23,,,11.97,12.36,12.28,10.92,2.65,2.05,2.05,5.94,5.79,4.12,1.76,-100,0,19
01-Feb-2018,8.45,13.29,1.27,0.62,3.38,6.89,4.78,1.09,,,11.97,12.37,12.29,10.46,3.22,3.43,3.43,5.96,5.82,,1.91,-100,0,18
01-Mar-2018,8.46,13.61,1.42,0.7,3.41,7.29,5.3,1.25,,,11.97,12.37,12.29,10.06,3.34,3.62,3.62,5.97,5.86,,2.04,-100,0,18
01-Apr-2018,8.47,13.77,1.3,0.51,3.51,8.49,6.28,1.1,,,11.97,12.37,12.29,9.7,2.96,2.6,2.6,5.98,5.87,3.78,2.1,-100,0,19
01-May-2018,8.48,13.91,1.41,0.58,3.4,8.54,6.55,1.24,,,11.98,12.37,12.29,9.36,2.82,2.21,2.21,5.99,5.87,,2.25,-100,0,18
01-Jun-2018,8.49,14.16,1.37,0.51,3.43,8.5,6.44,1.24,,,11.98,12.37,12.29,9.03,2.91,2.41,2.41,6,5.9,,2.28,-100,0,18
01-Jul-2018,8.5,14.37,1.28,0.37,3.47,8.52,6.33,1.15,,,11.98,12.37,12.3,8.7,2.91,2.34,2.34,6.01,5.91,3.82,2.33,-100,0,19
01-Aug-2018,8.5,14.54,1.42,0.48,3.49,8.28,6.21,1.3,,,11.99,12.38,12.3,8.29,2.75,1.72,1.72,6.02,5.92,,2.45,-100,0,18
01-Sep-2018,8.51,14.43,1.2,0.26,3.37,8.1,5.93,1.11,,,11.99,12.38,12.31,7.88,2.74,1.56,1.56,6.02,5.94,,2.45,-100,0,18
01-Oct-2018,8.51,14.27,1.04,0.08,3.15,7.98,5.87,0.99,,,11.98,12.38,12.3,7.56,2.83,1.76,1.76,6.03,5.99,2,2.62,-100,0,19
01-Nov-2018,8.52,14.24,1.15,0.18,3.05,8.69,6.79,1.14,,,11.97,12.37,12.29,7.34,2.94,1.95,1.95,6.05,6,,2.69,-100,0,18
01-Dec-2018,8.53,14.31,1.4,0.43,3.07,8.66,6.99,1.44,2.5,5.96,11.95,12.35,12.28,7.24,2.93,1.75,1.75,6.06,6.03,,2.7,-100,0,20
01-Jan-2019,8.54,14.34,1.31,0.37,3.02,9.06,7.35,1.46,,,11.94,12.34,12.26,7.2,2.75,1.04,1.04,6.08,,2.49,2.57,-100,0,18
01-Feb-2019,8.56,14.45,1.4,0.39,3.33,8.51,6.58,1.48,,,11.93,12.33,12.25,7.03,2.74,0.96,0.96,6.1,,,2.53,-100,0,17
01-Mar-2019,8.56,14.48,1.79,0.73,3.54,8.44,6.69,1.84,,,11.92,12.32,12.25,6.86,2.65,0.57,0.57,6.11,,,2.55,-100,0,17
01-Apr-2019,8.57,14.48,1.84,0.72,3.75,8.91,7,1.84,,,11.92,12.32,12.25,6.62,2.6,0.29,0.29,6.12,,2.67,2.39,-100,0,18
01-May-2019,8.57,14.43,2.22,1.06,3.79,8.63,7.06,2.23,,,11.91,12.31,12.23,6.46,2.67,0.46,0.46,6.12,,,2.38,-100,0,17
01-Jun-2019,8.58,14.22,2.36,1.16,3.99,9.55,7.92,2.38,,,11.9,12.3,12.23,6.37,2.64,0.21,0.21,6.13,,,2.18,-100,0,17
01-Jul-2019,8.58,14.02,2.36,1.12,4.07,9.01,7.3,2.39,,,11.9,12.3,12.22,6.27,2.6,-0.07,0,6.13,,2.17,1.96,-100,0,18
01-Aug-2019,8.58,13.82,2.88,1.59,4.34,9.23,7.77,2.92,,,11.89,12.28,12.21,6.3,2.6,-0.2,0,6.14,,,1.92,-100,0,17
01-Sep-2019,8.59,13.73,2.72,1.39,4.29,9.39,7.82,2.73,,,11.88,12.27,12.2,6.35,2.67,-0.09,0,6.15,,,1.75,-100,0,17
01-Oct-2019,8.6,13.67,2.99,1.53,4.53,9.24,7.7,2.79,,,11.88,12.27,12.2,6.44,2.64,-0.21,0,6.16,,3.44,1.76,-100,0,18
01-Nov-2019,8.6,13.44,3.03,1.53,4.64,9.02,7.41,2.74,,,11.88,12.27,12.2,6.49,2.54,-0.71,0,6.15,,,1.61,-100,0,17
01-Dec-2019,8.59,13.01,3.21,1.61,4.99,8.74,6.96,2.76,,5.2,11.89,12.29,12.22,6.45,2.49,-0.96,0,6.15,,,1.68,-100,0,18
01-Jan-2020,8.58,12.45,3.57,2.01,5.04,8.03,6.56,3.15,,,11.89,12.29,12.23,6.4,2.36,-1.53,0,6.13,,,1.62,-100,0,17
01-Feb-2020,8.57,11.91,3.7,2.26,4.94,8.24,7,3.41,,,11.89,12.28,12.22,6.42,2.11,-2.42,0,6.1,,,1.48,-100,0,17
01-Mar-2020,8.56,11.57,4.07,2.68,4.89,9,8.18,3.8,,,11.86,12.26,12.2,7.2,2.32,-1.5,0,6.09,,,1.06,100,0,17
01-Apr-2020,8.56,11.25,3.99,2.68,5.08,11.08,9.99,3.78,,,11.84,12.24,12.18,,2.37,-1.32,0,6.08,,,0.25,100,0,16
01-May-2020,8.56,11.06,4.07,2.77,5.16,9.32,8.23,3.8,,,11.84,12.24,12.18,,2.53,-0.68,0,6.08,,,0.19,100,0,16
01-Jun-2020,8.56,10.87,4.01,2.75,5.21,8.87,7.67,3.74,,,11.83,12.23,12.17,,2.47,-0.85,0,6.07,,,0.19,100,0,16
