date,all,hist_mean,ddm,cross_section,time_series,surveys,RF,recession
01-Jan-1960,-11.62,9.54,0.34,15.33,4.93,,3.48,-100
01-Feb-1960,-11.73,9.46,0.28,15.17,5.39,,3.69,-100
01-Mar-1960,-11.32,9.35,0.34,15.06,5.49,,3.77,-100
01-Apr-1960,-10.38,9.27,0.36,14.9,5.37,,3.55,-100
01-May-1960,-8.86,9.19,0.35,14.76,4.83,,3.57,100
01-Jun-1960,-8.5,9.12,0.34,14.62,4.97,,3.36,100
01-Jul-1960,-8.58,9.05,0.34,14.53,5.24,,2.96,100
01-Aug-1960,-8.18,8.96,0.31,14.5,5.18,,2.71,100
01-Sep-1960,-7.28,8.91,0.32,14.4,4.92,,2.33,100
01-Oct-1960,-6.84,8.84,0.3,14.31,4.91,,2.39,100
01-Nov-1960,-6.13,8.77,0.35,14.25,4.67,,2.11,100
01-Dec-1960,-5.52,8.71,0.29,14.22,4.45,,1.95,100
01-Jan-1961,-6.48,8.66,0.37,14.3,4.91,,2.07,100
01-Feb-1961,-7.39,8.67,0.29,14.38,5.28,,2.01,100
01-Mar-1961,-8.05,8.7,0.33,14.6,5.2,,2.09,-100
01-Apr-1961,-8.76,8.75,0.31,14.83,5.12,,1.99,-100
01-May-1961,-10.15,8.81,0.39,15.03,5.51,,2.09,-100
01-Jun-1961,-10.71,8.89,0.36,15.1,5.58,,2.17,-100
01-Jul-1961,-10.81,8.95,0.28,15.13,5.5,,2.15,-100
01-Aug-1961,-10.06,8.96,0.25,15.14,4.99,,2.15,-100
01-Sep-1961,-9.64,8.96,0.33,15.1,4.8,,2.09,-100
01-Oct-1961,-9.86,8.98,0.3,15.09,4.95,,2.13,-100
01-Nov-1961,-7.55,8.99,0.25,15.1,3.54,,2.07,-100
01-Dec-1961,-6.58,9.02,-0.41,15.15,4.93,,2.05,-100
01-Jan-1962,-6.22,9.05,0.6,15.12,5.29,,2.17,-100
01-Feb-1962,-5.53,9.09,0.64,15.08,4.88,,2.29,-100
01-Mar-1962,-5.45,9.12,0.73,15.04,5.02,,2.35,-100
01-Apr-1962,-4.24,9.15,0.82,14.9,4.5,,2.41,-100
01-May-1962,-3.47,9.14,0.98,14.62,4.75,,2.59,-100
01-Jun-1962,-2.07,9.07,1.24,14.26,4.96,,2.61,-100
01-Jul-1962,-0.89,8.94,1.18,13.98,4.65,,2.67,-100
01-Aug-1962,-0.44,8.82,1.16,13.72,4.92,,2.74,-100
01-Sep-1962,0.35,8.72,1.22,13.41,5.13,,2.76,-100
01-Oct-1962,2.1,8.62,1.33,13.17,4.45,,2.82,-100
01-Nov-1962,2.14,8.55,1.19,13.16,4.32,,2.74,-100
01-Dec-1962,2.26,8.55,0.79,13.26,4.98,,2.8,-100
01-Jan-1963,0.12,8.64,1.07,13.36,5.26,,2.76,-100
01-Feb-1963,-4.11,8.74,1.02,13.4,7.28,,2.76,-100
01-Mar-1963,-4.16,8.82,1.05,13.55,7.11,,2.8,-100
01-Apr-1963,-3.9,8.89,0.96,13.75,6.52,,2.8,-100
01-May-1963,-7.11,8.97,0.94,13.83,7.99,,2.88,-100
01-Jun-1963,-7.6,9.02,0.94,13.87,8.17,,2.88,-100
01-Jul-1963,-5.81,9.03,1,13.85,7.33,,2.92,-100
01-Aug-1963,-3.82,9.01,0.95,13.92,6.19,,2.96,-100
01-Sep-1963,-3.3,8.99,0.88,13.93,5.86,,3.04,-100
01-Oct-1963,-3.99,8.99,0.86,13.91,6.25,,3.12,-100
01-Nov-1963,-2.25,8.94,0.91,13.87,5.41,,3.18,-100
01-Dec-1963,-0.84,8.89,0.53,13.87,5.63,,3.3,-100
01-Jan-1964,-2.55,8.85,0.78,13.9,5.51,,3.36,-100
01-Feb-1964,-2.74,8.83,0.76,13.9,5.58,,3.38,-100
01-Mar-1964,-3,8.82,0.71,13.94,5.6,,3.46,-100
01-Apr-1964,-3.38,8.8,0.7,13.95,5.83,,3.46,-100
01-May-1964,-3.47,8.8,0.7,13.99,5.83,,3.44,-100
01-Jun-1964,-2.24,8.81,0.76,13.52,5.64,,3.46,-100
01-Jul-1964,-3.15,8.82,0.68,13.55,6.06,,3.46,-100
01-Aug-1964,-2.67,8.83,0.72,13.55,5.81,,3.51,-100
01-Sep-1964,-2.46,8.82,0.72,13.56,5.69,,3.44,-100
01-Oct-1964,-2.36,8.83,0.71,13.58,5.6,,3.44,-100
01-Nov-1964,-0.06,8.85,0.69,13.59,4.14,,3.51,-100
01-Dec-1964,-0.49,8.87,0.44,13.58,5.33,,3.53,-100
01-Jan-1965,-1.31,8.87,0.7,13.6,4.93,,3.49,-100
01-Feb-1965,-1.33,8.88,0.69,13.63,4.88,,3.53,-100
01-Mar-1965,-1.64,8.91,0.72,13.62,5.09,,3.69,-100
01-Apr-1965,-1.69,8.93,0.71,13.63,5.1,,3.73,-100
01-May-1965,-1.34,8.94,0.7,13.63,4.86,,3.77,-100
01-Jun-1965,-1.38,8.96,0.84,13.57,5.15,,3.85,-100
01-Jul-1965,-0.88,8.96,0.85,13.49,4.98,,3.91,-100
01-Aug-1965,-0.33,8.95,0.8,13.44,4.71,,3.97,-100
01-Sep-1965,-0.16,8.93,0.71,13.43,4.53,,3.87,-100
01-Oct-1965,-0.55,8.93,0.66,13.42,4.72,,3.87,-100
01-Nov-1965,-0.56,8.94,0.63,13.43,4.67,,3.95,-100
01-Dec-1965,0.66,8.94,0.36,13.5,4.39,,3.91,-100
01-Jan-1966,-1.1,8.97,0.55,13.56,4.65,,4.05,-100
01-Feb-1966,-1.78,8.98,0.43,13.58,4.88,,4.09,-100
01-Mar-1966,-1.63,8.97,0.7,13.53,5.4,,4.24,-100
01-Apr-1966,-0.84,8.9,0.62,13.48,4.73,,4.3,-100
01-May-1966,0.15,8.83,0.76,13.38,4.4,,4.42,-100
01-Jun-1966,1.36,8.73,0.71,13.25,3.74,,4.52,-100
01-Jul-1966,1.85,8.64,0.69,13.11,3.66,,4.46,-100
01-Aug-1966,2.75,8.57,0.71,12.91,3.58,,4.58,-100
01-Sep-1966,3.61,8.47,0.98,12.73,3.88,,4.62,-100
01-Oct-1966,5.68,8.38,1.04,12.57,2.65,,4.85,-100
01-Nov-1966,5.83,8.28,0.84,12.48,2.51,,4.83,-100
01-Dec-1966,6.58,8.22,0.8,12.41,2.45,,4.87,-100
01-Jan-1967,7.18,8.15,1.02,12.41,2.14,,5.03,-100
01-Feb-1967,5.69,8.12,0.82,12.5,2.77,,4.93,-100
01-Mar-1967,4.63,8.13,0.86,12.63,3.47,,4.91,-100
01-Apr-1967,3.2,8.18,0.67,12.74,4.04,,4.64,-100
01-May-1967,2.55,8.24,0.61,12.78,4.37,,4.5,-100
01-Jun-1967,1.36,8.33,0.43,12.83,4.76,,4.24,-100
01-Jul-1967,0.59,8.44,0.41,12.88,5.09,,3.99,-100
01-Aug-1967,-0.31,8.52,0.32,12.92,5.48,,3.89,-100
01-Sep-1967,-0.77,8.59,0.27,12.94,5.66,,3.75,-100
01-Oct-1967,-1.34,8.66,0.11,12.92,5.74,,3.89,-100
01-Nov-1967,-1.29,8.72,0.14,12.94,5.62,,3.95,-100
01-Dec-1967,-0.45,8.72,0.02,12.98,5.62,,4.07,-100
01-Jan-1968,-1.22,8.69,0.2,12.93,5.63,,4.26,-100
01-Feb-1968,-0.94,8.65,0.31,12.84,5.71,,4.42,-100
01-Mar-1968,-0.57,8.58,0.27,12.73,5.59,,4.54,-100
01-Apr-1968,-0.78,8.5,0.13,12.74,5.58,,4.62,-100
01-May-1968,-0.7,8.42,0.03,12.77,5.37,,4.81,-100
01-Jun-1968,-0.85,8.39,0.1,12.77,5.61,,5.01,-100
01-Jul-1968,-1.09,8.36,0.25,12.79,5.93,,5.17,-100
01-Aug-1968,-1.12,8.36,0.29,12.85,5.92,,5.24,-100
01-Sep-1968,-1.88,8.36,0.2,12.95,6.11,,5.34,-100
01-Oct-1968,-2.11,8.38,0.1,12.98,6.08,,5.36,-100
01-Nov-1968,-2.63,8.38,-0,13.03,6.13,,5.3,-100
01-Dec-1968,-2.14,8.39,-0.25,13.05,6.26,,5.3,-100
01-Jan-1969,-3.28,8.39,-0.11,13.09,6.33,,5.4,-100
01-Feb-1969,-3.16,8.35,-0.12,13.07,6.32,,5.48,-100
01-Mar-1969,-2.62,8.33,-0.08,13.02,6.16,,5.54,-100
01-Apr-1969,-2.27,8.28,-0.07,12.98,6.02,,5.73,-100
01-May-1969,-2.3,8.23,-0.31,12.88,5.91,,5.85,-100
01-Jun-1969,-1.58,8.18,-0.27,12.76,5.73,,6.01,-100
01-Jul-1969,-0.48,8.12,-0.11,12.6,5.47,,6.01,-100
01-Aug-1969,0.08,8.04,-0.17,12.53,5.18,,6.1,-100
01-Sep-1969,0.58,7.98,-0.51,12.42,4.72,,6.42,-100
01-Oct-1969,1.47,7.93,-0.25,12.34,4.64,,6.57,-100
01-Nov-1969,1.53,7.87,-0.45,12.24,4.53,,6.65,-100
01-Dec-1969,3.19,7.8,-0.12,12.18,4.24,,6.92,-100
01-Jan-1970,2.52,7.74,-0.53,12.1,4.16,,7.06,100
01-Feb-1970,3.72,7.69,-0.03,12,4.22,,7.31,100
01-Mar-1970,4.3,7.63,-0.17,11.91,3.95,,7.21,100
01-Apr-1970,4.5,7.57,-0.46,11.7,3.86,,7,100
01-May-1970,6.18,7.5,-0.18,11.44,3.67,,7.02,100
01-Jun-1970,8.25,7.38,-0.04,11.16,3.15,,6.9,100
01-Jul-1970,8.95,7.29,0.1,10.97,3.2,,6.73,100
01-Aug-1970,9.21,7.21,-0.06,10.81,3.22,,6.55,100
01-Sep-1970,9.71,7.15,-0.14,10.69,3.19,,6.49,100
01-Oct-1970,10.15,7.1,-0.24,10.65,2.96,,6.4,100
01-Nov-1970,10.35,7.07,0.16,10.71,3.25,,6.26,100
01-Dec-1970,7.76,7.09,0.05,10.89,3.7,,5.93,-100
01-Jan-1971,8.43,7.15,0.07,11.05,3.78,,5.65,-100
01-Feb-1971,7.45,7.21,-0.04,11.16,3.99,,5.24,-100
01-Mar-1971,6.76,7.29,0.22,11.26,4.44,,4.75,-100
01-Apr-1971,5.41,7.38,-0.12,11.43,4.52,,4.38,-100
01-May-1971,4.77,7.46,-0.22,11.54,4.57,,4.03,-100
01-Jun-1971,3.62,7.56,-0.32,11.6,4.95,,3.93,-100
01-Jul-1971,3.18,7.62,-0.36,11.6,5.1,,3.97,-100
01-Aug-1971,3.65,7.66,-0.02,11.62,5.12,,4.26,-100
01-Sep-1971,3.93,7.69,0.08,11.61,5.1,,4.4,-100
01-Oct-1971,4.53,7.71,0.21,11.52,5.06,,4.58,-100
01-Nov-1971,5.69,7.72,0.33,11.43,4.74,,4.75,-100
01-Dec-1971,4.37,7.69,0.03,11.41,5.02,,4.75,-100
01-Jan-1972,5.22,7.69,0.04,11.41,4.79,,4.52,-100
01-Feb-1972,6.04,7.71,0.04,11.41,4.37,,4.07,-100
01-Mar-1972,4.72,7.71,-0.04,11.43,4.94,,3.87,-100
01-Apr-1972,4.58,7.7,-0.05,11.5,4.9,,3.71,-100
01-May-1972,2.33,7.69,0.03,11.6,6.2,,3.57,-100
01-Jun-1972,1.25,7.72,-0,11.6,6.8,,3.4,-100
01-Jul-1972,1.91,7.72,0.05,11.58,6.47,,3.44,-100
01-Aug-1972,2.25,7.7,-0.16,11.58,6.02,,3.53,-100
01-Sep-1972,2.67,7.69,-0.16,11.55,5.79,,3.67,-100
01-Oct-1972,3.43,7.67,-0.08,11.53,5.48,,3.89,-100
01-Nov-1972,2.58,7.65,-0.1,11.56,5.96,,4.03,-100
01-Dec-1972,1.86,7.67,-0.38,11.61,5.68,,4.2,-100
01-Jan-1973,2.25,7.69,-0.24,11.65,5.79,,4.46,-100
01-Feb-1973,1.92,7.71,-0.17,11.63,6.1,,4.71,-100
01-Mar-1973,2.47,7.73,-0.13,11.6,5.85,,4.95,-100
01-Apr-1973,2.81,7.75,-0.03,11.53,5.84,,5.2,-100
01-May-1973,3.48,7.74,-0.02,11.39,5.67,,5.48,-100
01-Jun-1973,4.71,7.68,0.08,11.26,5.32,,5.77,-100
01-Jul-1973,5.16,7.61,-0.14,11.19,4.95,,6.18,-100
01-Aug-1973,6.85,7.54,0.07,11.14,4.29,,6.77,-100
01-Sep-1973,8.42,7.46,0.23,11.14,3.56,,7.23,-100
01-Oct-1973,8.91,7.39,0.27,11.15,3.35,,7.49,-100
01-Nov-1973,9.86,7.35,0.55,11.09,3.24,,7.6,-100
01-Dec-1973,10.47,7.29,0.92,11.01,3.49,,7.87,100
01-Jan-1974,11.06,7.22,0.7,10.89,3.14,,7.85,100
01-Feb-1974,12.42,7.16,0.83,10.76,2.73,,7.6,100
01-Mar-1974,12.83,7.1,0.53,10.59,2.44,,7.35,100
01-Apr-1974,13.38,7.06,0.63,10.42,2.56,,7.56,100
01-May-1974,13.65,6.98,0.88,10.28,2.99,,7.95,100
01-Jun-1974,14.33,6.92,0.87,10.13,2.88,,7.87,100
01-Jul-1974,16.22,6.9,1.34,9.9,2.62,,8.01,100
01-Aug-1974,17.24,6.84,1.5,9.67,2.63,,8.05,100
01-Sep-1974,19.13,6.77,2.22,9.34,2.92,,8.57,100
01-Oct-1974,20.65,6.64,2.24,9.12,2.48,,8.07,100
01-Nov-1974,22.52,6.54,2.13,8.91,1.6,,7.64,100
01-Dec-1974,24.07,6.46,2.61,8.71,1.09,,7.84,100
01-Jan-1975,24.18,6.37,2.09,8.65,1.13,,7.6,100
01-Feb-1975,23.69,6.34,1.61,8.66,0.85,,7.25,100
01-Mar-1975,22.02,6.38,1.1,8.84,0.97,,6.42,100
01-Apr-1975,20.97,6.49,0.86,8.93,1.08,,6.28,-100
01-May-1975,18.46,6.6,0.7,9.1,2.11,,6.07,-100
01-Jun-1975,16.12,6.76,0.61,9.36,2.77,,5.48,-100
01-Jul-1975,13.93,6.97,0.48,9.48,3.53,,5.28,-100
01-Aug-1975,13.57,7.13,0.75,9.54,3.96,,5.38,-100
01-Sep-1975,13.11,7.18,0.68,9.54,4.19,,5.62,-100
01-Oct-1975,13.23,7.2,0.79,9.55,4.24,,5.87,-100
01-Nov-1975,13.4,7.21,0.64,9.53,4,,5.81,-100
01-Dec-1975,13.15,7.18,0.95,9.46,4.02,,5.95,-100
01-Jan-1976,12.94,7.1,0.6,9.51,4.3,,5.93,-100
01-Feb-1976,12.8,7.05,0.55,9.6,4.14,,5.64,-100
01-Mar-1976,13.1,7.05,0.65,9.73,3.88,,5.38,-100
01-Apr-1976,12.96,7.07,0.68,9.81,3.87,,5.09,-100
01-May-1976,12.4,7.06,0.63,9.87,4.05,,5.01,-100
01-Jun-1976,11.36,7.05,0.71,9.99,4.64,,4.91,-100
01-Jul-1976,11.09,7.08,0.67,9.99,4.73,,4.91,-100
01-Aug-1976,11.07,7.08,0.84,9.99,4.94,,5.07,-100
01-Sep-1976,10.5,7.09,0.84,9.98,5.32,,5.15,-100
01-Oct-1976,11.71,7.1,1.07,9.96,4.86,,5.13,-100
01-Nov-1976,12.19,7.11,1.34,9.95,4.88,,5.2,-100
01-Dec-1976,12.47,7.12,1.38,9.94,4.88,,5.13,-100
01-Jan-1977,12.23,7.13,1.11,9.91,4.62,,4.91,-100
01-Feb-1977,12.44,7.11,1.23,9.87,4.72,,4.77,-100
01-Mar-1977,12.65,7.07,1.29,9.79,4.81,,4.64,-100
01-Apr-1977,13.03,7.02,1.37,9.75,4.79,,4.58,-100
01-May-1977,13.75,6.97,1.46,9.7,4.58,,4.52,-100
01-Jun-1977,14.12,6.91,1.57,9.65,4.61,,4.52,-100
01-Jul-1977,13.86,6.85,1.45,9.62,4.7,,4.64,-100
01-Aug-1977,14.54,6.82,1.67,9.6,4.57,,4.83,-100
01-Sep-1977,15.4,6.79,1.7,9.59,4.15,,4.93,-100
01-Oct-1977,15.36,6.76,1.75,9.56,4.28,,5.15,-100
01-Nov-1977,15.38,6.73,1.78,9.55,4.32,,5.42,-100
01-Dec-1977,17.96,6.68,2.25,9.51,3.98,,5.6,-100
01-Jan-1978,16.22,6.63,1.83,9.44,4.14,,5.75,-100
01-Feb-1978,16.09,6.55,1.86,9.37,4.53,,5.79,-100
01-Mar-1978,16.36,6.5,1.83,9.3,4.47,,5.99,-100
01-Apr-1978,15.96,6.46,1.59,9.32,4.44,,6.1,-100
01-May-1978,15.67,6.45,1.3,9.33,4.28,,6.12,-100
01-Jun-1978,15.94,6.47,1.23,9.35,4.04,,6.22,-100
01-Jul-1978,15.24,6.52,1.32,9.45,4.32,,6.36,-100
01-Aug-1978,14.49,6.57,1.12,9.6,4.26,,6.57,-100
01-Sep-1978,11.88,6.67,1.08,9.75,5.44,,6.75,-100
01-Oct-1978,11.57,6.75,1.09,9.74,5.6,,7.04,-100
01-Nov-1978,13.16,6.78,1.52,9.73,5.09,,7.43,-100
01-Dec-1978,16.93,6.78,1.98,9.75,3.62,,7.93,-100
01-Jan-1979,15.31,6.79,1.39,9.77,3.53,,8.36,-100
01-Feb-1979,15.17,6.82,1.48,9.72,3.75,,8.71,-100
01-Mar-1979,16.68,6.82,1.52,9.71,2.86,,9.11,-100
01-Apr-1979,16,6.81,1.39,9.8,3.12,,9.36,-100
01-May-1979,16.28,6.85,1.75,9.85,3.24,,9.61,-100
01-Jun-1979,14.67,6.9,1.85,9.89,4.17,,9.67,-100
01-Jul-1979,14.82,6.93,1.78,9.91,3.94,,9.67,-100
01-Aug-1979,12.78,6.98,1.5,10.01,4.68,,9.75,-100
01-Sep-1979,13.2,7.06,1.42,10.07,4.16,,9.79,-100
01-Oct-1979,11.63,7.16,1.07,10.09,4.62,,9.94,-100
01-Nov-1979,12.98,7.23,1.34,10.17,3.92,,10.29,-100
01-Dec-1979,16.3,7.29,2.23,10.25,3.84,,10.59,-100
01-Jan-1980,10.82,7.37,0.73,10.35,4.14,,10.65,-100
01-Feb-1980,9.6,7.41,-0.19,10.4,3.69,,10.9,100
01-Mar-1980,10.97,7.41,0.48,10.4,3.65,,11.69,100
01-Apr-1980,13.86,7.32,1.57,10.42,3.24,,12.51,100
01-May-1980,14.21,7.23,1.57,10.35,3.2,,12.13,100
01-Jun-1980,13.04,7.16,1.29,10.25,3.75,,11.42,100
01-Jul-1980,12.78,7.07,0.7,10.18,3.39,,10.85,100
01-Aug-1980,10.35,7.01,0.15,10.15,4.35,,10.33,-100
01-Sep-1980,10.62,7.01,-0.13,10.22,3.75,,9.37,-100
01-Oct-1980,9.37,7.08,-0.56,10.33,3.78,,8.73,-100
01-Nov-1980,5.55,7.16,-0.86,10.6,5.31,,9.04,-100
01-Dec-1980,8.53,7.26,0.5,10.89,4.91,,10.5,-100
01-Jan-1981,6.07,7.32,-0.72,11.06,4.34,,11.57,-100
01-Feb-1981,5.88,7.33,-0.92,11.19,4.04,,12.47,-100
01-Mar-1981,6.65,7.28,-0.96,11.28,3.47,,13.44,-100
01-Apr-1981,5.59,7.23,-1.48,11.33,3.47,,13.72,-100
01-May-1981,6.69,7.18,-1.03,11.33,3.39,,14.12,-100
01-Jun-1981,6.77,7.11,-1.19,11.29,3.31,,14.2,-100
01-Jul-1981,7.29,7.05,-1.42,11.26,2.89,,14.63,-100
01-Aug-1981,5.83,6.99,-1.77,11.2,3.39,,15.07,100
01-Sep-1981,6.49,6.96,-1.45,11.08,3.54,,15.14,100
01-Oct-1981,8.26,6.88,-0.9,10.98,3.3,,15.41,100
01-Nov-1981,10.74,6.82,-0.29,10.79,2.82,,15.24,100
01-Dec-1981,13.04,6.77,0.76,10.63,3.03,,14.22,100
01-Jan-1982,11.04,6.71,-0.53,10.47,2.98,,13.29,100
01-Feb-1982,11.73,6.66,-0.37,10.34,3.02,,12.53,100
01-Mar-1982,12.3,6.6,-0.3,10.25,2.95,,11.99,100
01-Apr-1982,11.13,6.57,-0.48,10.17,3.62,,11.82,100
01-May-1982,10.41,6.55,-0.43,10.1,4.28,,11.8,100
01-Jun-1982,11.7,6.52,-0.47,10.02,3.6,,11.99,100
01-Jul-1982,13.56,6.47,-0.12,9.9,3.06,,12.51,100
01-Aug-1982,12.94,6.43,0.24,9.79,4.1,,12.18,100
01-Sep-1982,12.8,6.41,0.11,9.72,4.13,,11.19,100
01-Oct-1982,12,6.45,0.17,9.7,4.67,,10.06,100
01-Nov-1982,10.91,6.51,-0.13,9.78,4.84,,9.17,100
01-Dec-1982,12.49,6.58,0.77,9.88,4.46,,8.57,-100
01-Jan-1983,9.11,6.7,-0.43,10.07,4.99,,7.82,-100
01-Feb-1983,7.96,6.85,-0.26,10.26,5.5,,7.54,-100
01-Mar-1983,5.68,7,-0.59,10.48,6.08,,7.78,-100
01-Apr-1983,7.15,7.11,-0.56,10.64,4.85,,8.03,-100
01-May-1983,5.87,7.18,-0.96,10.75,4.93,,8.16,-100
01-Jun-1983,7.11,7.23,-1.07,10.91,3.72,,8.16,-100
01-Jul-1983,6.55,7.29,-1.46,11.01,3.4,,8.26,-100
01-Aug-1983,6.02,7.32,-1.42,11.07,3.65,,8.55,-100
01-Sep-1983,6.72,7.31,-1.23,11.12,3.37,,8.82,-100
01-Oct-1983,6.67,7.29,-1.36,11.09,3.3,,8.92,-100
01-Nov-1983,7.33,7.28,-1.21,11.07,3.1,,8.94,-100
01-Dec-1983,8.99,7.28,-0.22,11.02,2.6,,9.07,-100
01-Jan-1984,8.18,7.26,-1.18,10.98,2.77,,9.11,-100
01-Feb-1984,8.93,7.25,-1.07,10.9,2.57,,9,-100
01-Mar-1984,8.36,7.24,-1.25,10.83,2.82,,8.94,-100
01-Apr-1984,8.44,7.21,-1.34,10.79,2.75,,9.05,-100
01-May-1984,8.02,7.18,-1.8,10.7,2.62,,9.21,-100
01-Jun-1984,8.52,7.13,-1.62,10.62,2.68,,9.25,-100
01-Jul-1984,10.1,7.08,-1.06,10.55,2.51,,9.38,-100
01-Aug-1984,9,7.03,-1.35,10.6,2.76,,9.63,-100
01-Sep-1984,9.14,7.01,-1.22,10.64,2.79,,9.9,-100
01-Oct-1984,9.3,7,-0.83,10.66,3.13,,10.29,-100
01-Nov-1984,9.43,7,-0.77,10.69,3.07,,10.19,-100
01-Dec-1984,11.52,7.01,0.48,10.71,3.02,,9.96,-100
01-Jan-1985,8.61,7.01,-0.71,10.79,3.49,,9.61,-100
01-Feb-1985,7.57,7.04,-1.29,10.8,3.39,,9.09,-100
01-Mar-1985,7.4,7.05,-1.14,10.81,3.68,,8.59,-100
01-Apr-1985,8.14,7.09,-1.06,10.82,3.37,,8.01,-100
01-May-1985,8.63,7.13,-0.62,10.89,3.44,,7.87,-100
01-Jun-1985,8.12,7.16,-0.71,10.97,3.49,,7.68,-100
01-Jul-1985,7.34,7.2,-0.96,10.99,3.59,,7.62,-100
01-Aug-1985,7.45,7.22,-0.75,10.99,3.76,,7.56,-100
01-Sep-1985,7.97,7.21,-0.7,10.95,3.63,,7.51,-100
01-Oct-1985,8.23,7.16,-0.61,10.96,3.6,,7.37,-100
01-Nov-1985,8.11,7.09,-0.64,10.99,3.63,,7.27,-100
01-Dec-1985,8.25,7.05,0.03,11.05,3.7,,7.47,-100
01-Jan-1986,7.94,7.04,-0.59,11.11,3.65,,7.35,-100
01-Feb-1986,8.09,7.04,-0.29,11.24,3.68,,7.31,-100
01-Mar-1986,7.69,7.09,-0.11,11.45,3.74,,7.31,-100
01-Apr-1986,6.84,7.18,-0.18,11.61,3.85,,7.04,-100
01-May-1986,5.45,7.28,-0.51,11.73,4.01,,6.79,-100
01-Jun-1986,5.5,7.37,-0.23,11.83,4.08,,6.53,-100
01-Jul-1986,5.39,7.45,-0.16,11.87,4.12,,6.44,-100
01-Aug-1986,5.43,7.52,-0.02,11.89,4.17,,6.3,-100
01-Sep-1986,5.09,7.57,-0.19,11.81,4.27,,5.99,-100
01-Oct-1986,5.28,7.61,-0.12,11.78,4.27,,5.87,-100
01-Nov-1986,5.4,7.64,-0.13,11.73,4.25,,5.67,-100
01-Dec-1986,5.23,7.67,-0.04,11.66,4.27,,5.6,-100
01-Jan-1987,4.91,7.7,-0.34,11.71,4.26,,5.4,-100
01-Feb-1987,4.36,7.76,-0.47,11.76,4.29,,5.34,-100
01-Mar-1987,3.23,7.85,-0.71,11.9,4.41,,5.38,-100
01-Apr-1987,2.2,7.96,-1.01,11.98,4.46,,5.34,-100
01-May-1987,1.31,8.05,-1.17,12.04,4.67,,5.32,-100
01-Jun-1987,0.67,8.13,-1.21,12.15,4.78,,5.3,-100
01-Jul-1987,-0.22,8.25,-1.41,12.2,4.92,,5.38,-100
01-Aug-1987,-1.18,8.33,-1.66,12.25,5.07,,5.46,-100
01-Sep-1987,-1.88,8.41,-1.85,12.27,5.19,,5.42,-100
01-Oct-1987,0.01,8.41,-1.11,12.15,5.11,,5.75,-100
01-Nov-1987,0.98,8.36,-0.72,11.97,5.25,,5.69,-100
01-Dec-1987,4.2,8.24,0.09,11.8,4.96,,5.5,-100
01-Jan-1988,3.6,8.08,-0.31,11.64,4.83,,5.15,-100
01-Feb-1988,4.5,7.91,-0.31,11.48,4.65,,5.13,-100
01-Mar-1988,4.83,7.73,-0.54,11.32,4.57,,5.11,-100
01-Apr-1988,5.11,7.59,-0.58,11.33,4.45,,4.83,-100
01-May-1988,5.24,7.51,-0.54,11.4,4.33,,5.15,-100
01-Jun-1988,5.2,7.48,-0.44,11.48,4.34,,5.36,-100
01-Jul-1988,4.86,7.47,-0.48,11.51,4.43,,5.81,-100
01-Aug-1988,3.86,7.45,-0.44,11.5,5.15,,6.08,-100
01-Sep-1988,5.14,7.43,-0.27,11.53,4.53,,6.44,-100
01-Oct-1988,5.47,7.4,-0.24,11.56,4.34,,6.75,-100
01-Nov-1988,5.02,7.4,-0.33,11.59,4.45,,6.88,-100
01-Dec-1988,5.67,7.41,0.1,11.6,4.55,,7.16,-100
01-Jan-1989,4.66,7.42,-0.42,11.65,4.45,,7.25,-100
01-Feb-1989,3.87,7.44,-0.64,11.72,4.57,,7.29,-100
01-Mar-1989,3.27,7.48,-0.58,11.77,4.91,,7.39,-100
01-Apr-1989,2.94,7.53,-0.52,11.83,5.05,,7.51,-100
01-May-1989,2.66,7.57,-0.42,11.93,5.16,,7.97,-100
01-Jun-1989,2.24,7.64,-0.27,12,5.45,,8.13,-100
01-Jul-1989,1.65,7.72,-0.22,12.06,5.73,,8.44,-100
01-Aug-1989,0.31,7.8,-0.6,12.15,5.92,,8.71,-100
01-Sep-1989,-0.33,7.85,-0.67,12.21,6.11,,8.67,-100
01-Oct-1989,-0.34,7.9,-0.51,12.22,6.26,,8.69,-100
01-Nov-1989,-0.28,7.93,-0.43,12.21,6.3,,8.49,-100
01-Dec-1989,1.37,7.94,-0.12,12.22,6.17,,8.28,-100
01-Jan-1990,-0.33,7.94,-0.76,12.15,6.04,,8.01,-100
01-Feb-1990,0.33,7.91,-0.75,12.06,5.81,,7.66,-100
01-Mar-1990,0.76,7.86,-0.9,12,5.5,,7.64,-100
01-Apr-1990,0.97,7.82,-1.11,11.94,5.25,,7.66,-100
01-May-1990,1.65,7.77,-0.99,11.91,5.03,,7.64,-100
01-Jun-1990,1.93,7.75,-0.98,11.88,4.94,,7.68,-100
01-Jul-1990,2.11,7.71,-0.94,11.88,4.9,,7.91,-100
01-Aug-1990,2.39,7.69,-0.94,11.81,4.86,,8.09,100
01-Sep-1990,3.29,7.67,-0.76,11.68,4.73,,8.01,100
01-Oct-1990,4.27,7.63,-0.58,11.55,4.57,,7.99,100
01-Nov-1990,5.19,7.57,-0.47,11.42,4.37,,7.76,100
01-Dec-1990,6.38,7.51,0.01,11.3,4.22,,7.7,100
01-Jan-1991,6.34,7.44,-0.47,11.21,4.09,,7.37,100
01-Feb-1991,6,7.37,-0.76,11.24,3.95,,7,100
01-Mar-1991,5.28,7.36,-0.86,11.35,4.18,,6.67,100
01-Apr-1991,4.76,7.35,-0.91,11.46,4.24,,6.36,-100
01-May-1991,4.22,7.36,-0.96,11.55,4.34,,6.16,-100
01-Jun-1991,3.54,7.38,-1.09,11.59,4.54,,5.79,-100
01-Jul-1991,3.13,7.38,-1.12,11.64,4.7,,5.73,-100
01-Aug-1991,3.07,7.4,-1.02,11.65,4.82,,5.69,-100
01-Sep-1991,3.23,7.39,-0.87,11.64,4.94,,5.73,-100
01-Oct-1991,3.17,7.39,-0.9,11.63,4.95,,5.5,-100
01-Nov-1991,3.36,7.4,-0.9,11.57,4.93,,5.34,-100
01-Dec-1991,3.99,7.39,-0.31,11.59,4.89,,5.26,-100
01-Jan-1992,3.05,7.39,-1.08,11.59,4.88,,4.95,-100
01-Feb-1992,3.07,7.4,-1.04,11.58,4.93,,4.58,-100
01-Mar-1992,2.89,7.37,-1.13,11.57,4.96,,4.34,-100
01-Apr-1992,2.93,7.33,-1.16,11.55,4.96,,4.14,-100
01-May-1992,3.14,7.29,-1.03,11.57,4.97,,3.91,-100
01-Jun-1992,3.31,7.26,-0.71,11.54,5,,3.79,-100
01-Jul-1992,3.85,7.22,-0.53,11.51,5.01,,3.73,-100
01-Aug-1992,4.05,7.17,-0.49,11.46,5.03,,3.69,-100
01-Sep-1992,4.53,7.13,-0.36,11.43,5.01,,3.53,-100
01-Oct-1992,4.27,7.11,-0.51,11.4,4.99,,3.34,-100
01-Nov-1992,4.09,7.12,-0.6,11.39,4.97,,3.24,-100
01-Dec-1992,3.79,7.17,-0.4,11.42,4.97,,3.16,-100
01-Jan-1993,4.14,7.25,-0.45,11.44,4.98,,3,-100
01-Feb-1993,4.31,7.32,-0.3,11.47,5,,2.92,-100
01-Mar-1993,4.04,7.4,-0.33,11.52,5.01,,2.9,-100
01-Apr-1993,4.09,7.47,-0.26,11.55,5.03,,2.92,-100
01-May-1993,3.88,7.51,-0.32,11.57,5.04,,2.9,-100
01-Jun-1993,4.15,7.52,-0.18,11.57,5.07,,2.84,-100
01-Jul-1993,4.13,7.49,-0.2,11.57,5.08,,2.86,-100
01-Aug-1993,4.5,7.48,-0.03,11.59,5.07,,2.92,-100
01-Sep-1993,4.5,7.49,-0.02,11.6,5.07,,2.94,-100
01-Oct-1993,4.43,7.49,-0.02,11.63,5.07,,2.9,-100
01-Nov-1993,4.06,7.49,-0.18,11.63,5.07,,2.96,-100
01-Dec-1993,3.23,7.49,-0.29,11.63,5.07,,2.92,-100
01-Jan-1994,3.86,7.5,-0.21,11.65,5.07,,2.94,-100
01-Feb-1994,3.43,7.51,-0.39,11.63,5.08,,2.86,-100
01-Mar-1994,3.01,7.49,-0.61,11.59,5.09,,2.88,-100
01-Apr-1994,2.33,7.47,-0.88,11.55,5.08,,2.98,-100
01-May-1994,2.41,7.43,-0.9,11.52,5.05,,3.1,-100
01-Jun-1994,2.5,7.38,-0.95,11.48,5,,3.26,-100
01-Jul-1994,3.04,7.33,-0.79,11.44,4.97,,3.32,-100
01-Aug-1994,3.96,7.26,-0.54,11.43,4.94,,3.65,-100
01-Sep-1994,2.8,7.21,-0.97,11.44,4.9,,3.85,-100
01-Oct-1994,2.78,7.17,-1,11.46,4.87,,4.07,-100
01-Nov-1994,2.89,7.14,-0.97,11.45,4.85,,4.2,-100
01-Dec-1994,3.23,7.13,-0.56,11.47,4.84,,4.46,-100
01-Jan-1995,3.33,7.1,-0.77,11.49,4.82,,4.75,-100
01-Feb-1995,4.47,7.11,-0.36,11.5,4.81,,4.81,-100
01-Mar-1995,3.54,7.13,-0.63,11.53,4.82,,4.99,-100
01-Apr-1995,4.26,7.16,-0.34,11.57,4.83,,5.11,-100
01-May-1995,4.89,7.2,0.01,11.64,4.85,,5.46,-100
01-Jun-1995,4.7,7.24,0.04,11.72,4.89,,5.52,-100
01-Jul-1995,4.08,7.3,-0.08,11.81,4.96,,5.58,-100
01-Aug-1995,3.92,7.35,-0.01,11.88,5.05,,5.73,-100
01-Sep-1995,2.8,7.41,-0.28,11.95,5.13,,5.67,-100
01-Oct-1995,2.42,7.49,-0.29,11.99,5.22,,5.73,-100
01-Nov-1995,2.31,7.56,-0.22,12.04,5.29,,5.48,-100
01-Dec-1995,1.66,7.64,-0.32,12.08,5.36,,5.52,-100
01-Jan-1996,1.59,7.71,-0.31,12.11,5.42,,5.48,-100
01-Feb-1996,0.69,7.77,-0.61,12.14,5.46,,5.32,-100
01-Mar-1996,0.36,7.8,-0.68,12.15,5.52,,5.24,-100
01-Apr-1996,-0.06,7.79,-0.8,12.19,5.58,,5.22,-100
01-May-1996,-0.35,7.76,-0.89,12.21,5.6,,5.22,-100
01-Jun-1996,-0.27,7.74,-0.84,12.21,5.64,,5.03,-100
01-Jul-1996,-0.12,7.73,-0.79,12.18,5.67,,5.07,-100
01-Aug-1996,-0.15,7.69,-0.86,12.16,5.65,,5.11,-100
01-Sep-1996,0.13,7.67,-0.76,12.15,5.63,,5.22,-100
01-Oct-1996,0.46,7.67,-0.64,12.15,5.61,,5.13,-100
01-Nov-1996,0.61,7.69,-0.54,12.17,5.61,,5.11,-100
01-Dec-1996,-0.26,7.72,-0.72,12.18,5.65,,5.24,-100
01-Jan-1997,-0.3,7.75,-0.76,12.26,5.68,,5.24,-100
01-Feb-1997,-0.7,7.79,-0.82,12.33,5.74,,5.2,-100
01-Mar-1997,-0.26,7.84,-0.62,12.34,5.83,,5.17,-100
01-Apr-1997,0.04,7.88,-0.43,12.36,5.9,,5.2,-100
01-May-1997,-0.33,7.89,-0.56,12.38,5.92,,5.36,-100
01-Jun-1997,-0.58,7.91,-0.57,12.44,5.97,,5.17,-100
01-Jul-1997,-0.57,7.96,-0.45,12.51,6.04,,5.13,-100
01-Aug-1997,-1.3,8.03,-0.61,12.57,6.12,,5.17,-100
01-Sep-1997,-1.42,8.07,-0.51,12.68,6.18,,5.2,-100
01-Oct-1997,-1.52,8.12,-0.43,12.76,6.24,,5.17,-100
01-Nov-1997,-1.81,8.2,-0.42,12.81,6.32,,4.97,-100
01-Dec-1997,-2.68,8.23,-0.73,12.85,6.37,,5.2,-100
01-Jan-1998,-1.87,8.24,-0.37,12.85,6.38,,5.2,-100
01-Feb-1998,-2.18,8.23,-0.48,12.89,6.34,,5.15,-100
01-Mar-1998,-2.54,8.24,-0.57,12.95,6.34,,5.05,-100
01-Apr-1998,-2.89,8.27,-0.62,13.02,6.38,,5.07,-100
01-May-1998,-2.95,8.3,-0.57,13.07,6.41,,5.09,-100
01-Jun-1998,-3.01,8.34,-0.52,13.11,6.44,,4.95,-100
01-Jul-1998,-3.35,8.38,-0.6,13.14,6.47,,4.89,-100
01-Aug-1998,-2.64,8.44,-0.33,13.05,6.51,,4.97,-100
01-Sep-1998,-1.54,8.44,0.01,12.95,6.48,,5.11,-100
01-Oct-1998,-1.53,8.4,-0.12,12.87,6.39,,4.89,-100
01-Nov-1998,-1.67,8.35,-0.29,12.84,6.28,,4.71,-100
01-Dec-1998,-3,8.34,-0.8,12.83,6.24,,4.64,-100
01-Jan-1999,-1.85,8.35,-0.39,12.85,6.22,,4.54,-100
01-Feb-1999,-2.72,8.35,-0.66,12.95,6.22,,4.38,-100
01-Mar-1999,-2.97,8.39,-0.66,13.05,6.22,,4.32,-100
01-Apr-1999,-3.47,8.47,-0.72,13.15,6.27,,4.42,-100
01-May-1999,-4.09,8.58,-0.83,13.2,6.35,,4.48,-100
01-Jun-1999,-4.4,8.64,-0.88,13.23,6.38,,4.52,-100
01-Jul-1999,-4.64,8.68,-0.96,13.24,6.37,,4.58,-100
01-Aug-1999,-4.63,8.72,-0.93,13.25,6.38,,4.66,-100
01-Sep-1999,-4.42,8.74,-0.87,13.22,6.35,,4.58,-100
01-Oct-1999,-4.34,8.74,-0.88,13.19,6.31,,4.62,-100
01-Nov-1999,-4.54,8.71,-1.01,13.19,6.26,,4.66,-100
01-Dec-1999,-5.86,8.71,-1.41,13.22,6.23,,4.75,-100
01-Jan-2000,-5.18,8.73,-1.24,13.24,6.22,,4.81,-100
01-Feb-2000,-4.86,8.73,-1.08,13.29,6.19,,4.89,-100
01-Mar-2000,-4.65,8.73,-0.92,13.39,6.15,,5.05,-100
01-Apr-2000,-4.96,8.74,-1.01,13.44,6.15,,5.2,-100
01-May-2000,-4.93,8.75,-0.99,13.44,6.15,,5.48,-100
01-Jun-2000,-4.57,8.71,-0.9,13.41,6.14,,5.4,-100
01-Jul-2000,-4.49,8.66,-0.9,13.41,6.12,,5.54,-100
01-Aug-2000,-4.15,8.61,-0.77,13.44,6.11,,5.69,-100
01-Sep-2000,-4.08,8.58,-0.79,13.4,6.09,,5.77,-100
01-Oct-2000,-3.72,8.53,-0.7,13.37,6.08,,5.97,-100
01-Nov-2000,-3.14,8.47,-0.58,13.3,6.02,,5.99,-100
01-Dec-2000,-2.9,8.41,-0.69,13.23,5.98,,6.2,-100
01-Jan-2001,-2.24,8.33,-0.46,13.17,5.93,,6.32,-100
01-Feb-2001,-1.51,8.26,-0.35,13.02,5.87,,6.08,-100
01-Mar-2001,-0.7,8.16,-0.26,12.86,5.79,,5.89,-100
01-Apr-2001,-0.5,8.05,-0.43,12.71,5.69,,5.54,100
01-May-2001,-0.47,7.96,-0.59,12.63,5.6,,5.15,100
01-Jun-2001,-0.13,7.89,-0.61,12.53,5.54,,4.71,100
01-Jul-2001,0.59,7.83,-0.48,12.42,5.48,,4.22,100
01-Aug-2001,1.15,7.78,-0.41,12.32,5.41,,4.07,100
01-Sep-2001,2.05,7.73,-0.22,12.2,5.32,,3.79,100
01-Oct-2001,2.72,7.67,-0.15,12.07,5.22,,3.44,100
01-Nov-2001,2.46,7.61,-0.42,11.95,5.17,,3.14,100
01-Dec-2001,1.47,7.53,-0.68,11.85,5.14,,2.88,-100
01-Jan-2002,2.65,7.47,-0.64,11.74,5.07,,2.55,-100
01-Feb-2002,3.25,7.4,-0.52,11.65,5.04,,2.19,-100
01-Mar-2002,2.78,7.32,-0.77,11.66,4.99,,1.89,-100
01-Apr-2002,3.16,7.31,-0.64,11.63,4.99,,1.75,-100
01-May-2002,3.46,7.29,-0.57,11.55,5.02,,1.69,-100
01-Jun-2002,4.16,7.24,-0.41,11.43,5.05,,1.65,-100
01-Jul-2002,5.37,7.15,-0.11,11.29,5.02,,1.67,-100
01-Aug-2002,6.38,7.02,0.09,11.16,4.92,,1.69,-100
01-Sep-2002,7.64,6.91,0.38,10.98,4.9,,1.71,-100
01-Oct-2002,8.01,6.77,0.32,10.85,4.86,,1.69,-100
01-Nov-2002,7.92,6.61,0.1,10.75,4.82,,1.65,-100
01-Dec-2002,7.23,6.52,0.08,10.66,4.79,,1.61,-100
01-Jan-2003,7.68,6.45,0.07,10.61,4.75,,1.5,-100
01-Feb-2003,8.54,6.44,0.29,10.53,4.74,,1.4,-100
01-Mar-2003,8.64,6.38,0.29,10.5,4.74,,1.32,-100
01-Apr-2003,8.47,6.34,0.22,10.48,4.75,,1.24,-100
01-May-2003,8.95,6.31,0.37,10.48,4.74,,1.18,-100
01-Jun-2003,8.71,6.27,0.31,10.52,4.76,,1.16,-100
01-Jul-2003,7.73,6.27,0.02,10.58,4.77,,1.1,-100
01-Aug-2003,7.59,6.26,0.04,10.68,4.77,,1.06,-100
01-Sep-2003,7.83,6.31,0.19,10.76,4.77,,1.02,-100
01-Oct-2003,7.52,6.41,0.15,10.82,4.79,,0.96,-100
01-Nov-2003,7.49,6.49,0.21,10.85,4.87,,0.92,-100
01-Dec-2003,6.18,6.53,0.05,10.88,4.91,,0.88,-100
01-Jan-2004,7.36,6.55,0.25,10.92,4.94,,0.88,-100
01-Feb-2004,7.44,6.58,0.32,10.96,4.98,,0.86,-100
01-Mar-2004,7.69,6.6,0.44,11,5.01,,0.88,-100
01-Apr-2004,7.03,6.57,0.22,11,5.02,,0.9,-100
01-May-2004,7.2,6.52,0.26,11,5.02,,0.88,-100
01-Jun-2004,7.18,6.5,0.25,10.99,5.02,,0.88,-100
01-Jul-2004,7.54,6.49,0.34,10.95,5.04,,0.94,-100
01-Aug-2004,8.19,6.45,0.51,10.89,5.02,,1.04,-100
01-Sep-2004,8.25,6.42,0.5,10.87,4.99,,1.08,-100
01-Oct-2004,8.46,6.41,0.55,10.86,4.98,,1.14,-100
01-Nov-2004,8.02,6.41,0.42,10.89,4.96,,1.32,-100
01-Dec-2004,6.44,6.43,0.14,10.93,4.95,,1.48,-100
01-Jan-2005,7.86,6.43,0.41,10.97,4.95,,1.61,-100
01-Feb-2005,7.63,6.45,0.37,11.03,4.93,,1.71,-100
01-Mar-2005,7.42,6.47,0.32,11.07,4.92,,1.91,-100
01-Apr-2005,7.86,6.47,0.48,11.08,4.94,,2.11,-100
01-May-2005,8.2,6.46,0.58,11.07,4.93,,2.29,-100
01-Jun-2005,8.21,6.45,0.58,11.06,4.94,,2.43,-100
01-Jul-2005,7.81,6.45,0.46,11.08,4.94,,2.59,-100
01-Aug-2005,8.03,6.45,0.54,11.09,4.93,,2.88,-100
01-Sep-2005,7.91,6.44,0.51,11.11,4.94,,3.04,-100
01-Oct-2005,7.78,6.45,0.48,11.14,4.93,,3.16,-100
01-Nov-2005,7.7,6.47,0.47,11.17,4.91,,3.3,-100
01-Dec-2005,6.6,6.49,0.28,11.19,4.91,,3.48,-100
01-Jan-2006,7.45,6.54,0.44,11.21,4.92,,3.71,-100
01-Feb-2006,7.4,6.58,0.45,11.23,4.93,,3.79,-100
01-Mar-2006,7.04,6.63,0.36,11.26,4.92,,3.95,-100
01-Apr-2006,6.85,6.7,0.34,11.3,4.91,,4.14,-100
01-May-2006,6.85,6.77,0.36,11.3,4.91,,4.38,-100
01-Jun-2006,7.01,6.8,0.42,11.29,4.92,,4.54,-100
01-Jul-2006,7.25,6.81,0.49,11.26,4.91,,4.64,-100
01-Aug-2006,7.59,6.83,0.6,11.24,4.89,,4.81,-100
01-Sep-2006,7.65,6.85,0.61,11.22,4.89,,4.89,-100
01-Oct-2006,7.5,6.88,0.57,11.22,4.89,,4.99,-100
01-Nov-2006,7.55,6.92,0.61,11.24,4.89,,4.97,-100
01-Dec-2006,6.15,6.97,0.29,11.26,4.87,,4.97,-100
01-Jan-2007,6.87,7.03,0.45,11.3,4.87,,5.05,-100
01-Feb-2007,6.99,7.09,0.52,11.32,4.88,,4.97,-100
01-Mar-2007,7.11,7.14,0.58,11.33,4.89,,5.01,-100
01-Apr-2007,6.91,7.13,0.53,11.34,4.91,,5.07,-100
01-May-2007,6.56,7.14,0.42,11.35,4.93,,5.05,-100
01-Jun-2007,6.26,7.17,0.33,11.35,4.92,,5.05,-100
01-Jul-2007,6.48,7.22,0.4,11.33,4.92,,4.97,-100
01-Aug-2007,6.92,7.29,0.54,11.3,4.93,,5.05,-100
01-Sep-2007,6.74,7.33,0.47,11.28,4.91,,4.83,-100
01-Oct-2007,6.62,7.41,0.43,11.25,4.89,,4.58,-100
01-Nov-2007,7.32,7.49,0.64,11.18,4.9,,4.44,-100
01-Dec-2007,6.3,7.51,0.35,11.1,4.9,,4.18,-100
01-Jan-2008,7.84,7.52,0.71,11,4.88,,3.79,100
01-Feb-2008,8.31,7.48,0.78,10.89,4.86,,3.2,100
01-Mar-2008,8.89,7.47,0.86,10.74,4.84,,2.9,100
01-Apr-2008,8.73,7.43,0.71,10.6,4.82,,2.61,100
01-May-2008,8.4,7.37,0.52,10.51,4.8,,2.29,100
01-Jun-2008,8.71,7.35,0.54,10.39,4.76,,2.09,100
01-Jul-2008,9.26,7.28,0.63,10.29,4.74,,1.97,100
01-Aug-2008,9.42,7.21,0.62,10.24,4.7,,1.97,100
01-Sep-2008,9.58,7.14,0.59,10.15,4.7,,1.93,100
01-Oct-2008,10.5,7.05,0.72,9.94,4.67,,1.73,100
01-Nov-2008,12.03,6.89,1.01,9.67,4.65,,1.42,100
01-Dec-2008,13.82,6.72,1.38,9.44,4.62,,1.08,100
01-Jan-2009,12.47,6.56,0.78,9.2,4.57,,0.78,100
01-Feb-2009,13.37,6.41,0.85,8.93,4.51,,0.54,100
01-Mar-2009,14.67,6.23,1.06,8.71,4.38,,0.28,100
01-Apr-2009,14.02,6.06,0.75,8.65,4.31,,0.14,100
01-May-2009,13.38,5.99,0.5,8.67,4.18,,0.08,100
01-Jun-2009,13.05,5.99,0.4,8.69,4.19,,0.1,100
01-Jul-2009,12.81,6,0.39,8.78,4.21,,0.12,-100
01-Aug-2009,12.22,6.03,0.35,8.98,4.31,,0.12,-100
01-Sep-2009,11.95,6.14,0.41,9.16,4.31,,0.1,-100
01-Oct-2009,11.71,6.28,0.45,9.26,4.33,,0.08,-100
01-Nov-2009,12.36,6.38,0.8,9.35,4.47,,0.08,-100
01-Dec-2009,10.71,6.44,0.62,9.46,4.54,,0.08,-100
01-Jan-2010,12.44,6.5,1,9.51,4.61,,0.06,-100
01-Feb-2010,12.78,6.56,1.16,9.55,4.65,,0.04,-100
01-Mar-2010,12.36,6.56,1.07,9.59,4.7,,0.04,-100
01-Apr-2010,12.45,6.58,1.17,9.67,4.77,,0.06,-100
01-May-2010,13.18,6.61,1.44,9.67,4.82,,0.08,-100
01-Jun-2010,14.11,6.62,1.74,9.64,4.84,,0.08,-100
01-Jul-2010,14.48,6.62,1.87,9.64,4.87,,0.1,-100
01-Aug-2010,15.01,6.59,2.03,9.62,4.9,,0.12,-100
01-Sep-2010,15.14,6.59,2.06,9.59,4.89,,0.12,-100
01-Oct-2010,14.99,6.57,2,9.58,4.92,,0.12,-100
01-Nov-2010,14.65,6.56,1.91,9.6,4.92,,0.12,-100
01-Dec-2010,12.51,6.57,1.36,9.69,4.91,,0.12,-100
01-Jan-2011,13.26,6.62,1.55,9.76,4.89,,0.12,-100
01-Feb-2011,12.83,6.67,1.49,9.86,4.91,,0.12,-100
01-Mar-2011,12.83,6.74,1.54,9.92,4.91,,0.12,-100
01-Apr-2011,13.13,6.79,1.68,9.97,4.92,,0.1,-100
01-May-2011,13.27,6.82,1.77,10,4.95,,0.08,-100
01-Jun-2011,13.47,6.85,1.84,10,4.97,,0.06,-100
01-Jul-2011,13.82,6.87,1.95,9.98,4.96,,0.04,-100
01-Aug-2011,15.38,6.89,2.43,9.91,4.95,,0.04,-100
01-Sep-2011,16.21,6.86,2.63,9.81,4.93,,0.02,-100
01-Oct-2011,16.25,6.82,2.58,9.74,4.91,,0.02,-100
01-Nov-2011,16.16,6.78,2.5,9.67,4.89,,0.02,-100
01-Dec-2011,15.36,6.73,2.13,9.62,4.85,,0.02,-100
01-Jan-2012,16.15,6.68,2.41,9.59,4.83,,0.02,-100
01-Feb-2012,15.79,6.65,2.3,9.63,4.83,,0,-100
01-Mar-2012,15.22,6.67,2.15,9.71,4.78,,0,-100
01-Apr-2012,15.55,6.72,2.29,9.74,4.78,,0,-100
01-May-2012,16.09,6.76,2.48,9.75,4.8,,0.02,-100
01-Jun-2012,16.29,6.78,2.56,9.76,4.81,,0.02,-100
01-Jul-2012,16.22,6.79,2.53,9.75,4.81,,0.02,-100
01-Aug-2012,15.97,6.79,2.45,9.74,4.83,,0.04,-100
01-Sep-2012,15.79,6.81,2.39,9.72,4.83,,0.06,-100
01-Oct-2012,15.68,6.81,2.34,9.7,4.82,,0.08,-100
01-Nov-2012,16,6.81,2.45,9.7,4.81,,0.08,-100
01-Dec-2012,14.52,6.84,1.94,9.7,4.79,,0.1,-100
01-Jan-2013,15.11,6.88,2.18,9.71,4.79,,0.1,-100
01-Feb-2013,14.95,6.94,2.15,9.73,4.79,,0.08,-100
01-Mar-2013,14.81,6.99,2.13,9.75,4.78,,0.06,-100
01-Apr-2013,14.99,7.05,2.23,9.78,4.79,,0.04,-100
01-May-2013,14.21,7.11,2.02,9.83,4.78,,0.02,-100
01-Jun-2013,13.58,7.19,1.87,9.87,4.8,,0,-100
01-Jul-2013,13.26,7.27,1.81,9.9,4.81,,0,-100
01-Aug-2013,12.95,7.34,1.74,9.91,4.81,,0,-100
01-Sep-2013,13.11,7.39,1.82,9.91,4.81,,0,-100
01-Oct-2013,13.12,7.44,1.87,9.93,4.83,,0,-100
01-Nov-2013,12.68,7.56,1.79,9.95,4.84,,0,-100
01-Dec-2013,10.71,7.69,1.27,10,4.85,,0,-100
01-Jan-2014,12.26,7.83,1.79,10.01,4.85,,0,-100
01-Feb-2014,12.31,7.94,1.88,10.05,4.86,,0,-100
01-Mar-2014,11.89,8.07,1.79,10.08,4.87,,0,-100
01-Apr-2014,11.94,8.21,1.85,10.09,4.88,,0,-100
01-May-2014,12.04,8.27,1.91,10.09,4.9,,0,-100
01-Jun-2014,11.77,8.29,1.81,10.1,4.92,,0,-100
01-Jul-2014,11.62,8.29,1.77,10.11,4.91,,0,-100
01-Aug-2014,11.86,8.3,1.85,10.12,4.94,,0,-100
01-Sep-2014,11.27,8.25,1.6,10.12,4.94,,0,-100
01-Oct-2014,11.56,8.17,1.65,10.12,4.95,,0,-100
01-Nov-2014,11.29,8.11,1.54,10.13,4.95,,0,-100
01-Dec-2014,10.56,8.08,1.25,10.13,4.96,,0,-100
01-Jan-2015,11.6,8.04,1.62,10.13,4.96,,0,-100
01-Feb-2015,11.32,7.99,1.51,10.13,4.96,,0,-100
01-Mar-2015,11.23,7.99,1.49,10.13,4.96,,0,-100
01-Apr-2015,11.35,7.97,1.51,10.13,4.96,,0,-100
01-May-2015,11.13,7.97,1.43,10.12,4.97,,0,-100
01-Jun-2015,10.86,7.97,1.34,10.1,4.98,,0,-100
01-Jul-2015,11,7.98,1.38,10.1,4.97,,0,-100
01-Aug-2015,11.04,8,1.37,10.04,4.96,,0,-100
01-Sep-2015,11.43,7.99,1.45,9.98,4.95,,0,-100
01-Oct-2015,11.32,7.97,1.38,9.94,4.93,,0,-100
01-Nov-2015,10.97,7.96,1.24,9.9,4.94,,0,-100
01-Dec-2015,10.76,7.94,1.12,9.87,4.92,,0.02,-100
01-Jan-2016,11.59,7.89,1.36,9.8,4.9,,0.04,-100
01-Feb-2016,12.13,7.8,1.48,9.76,4.9,,0.08,-100
01-Mar-2016,12.02,7.72,1.42,9.77,4.88,,0.12,-100
01-Apr-2016,12.03,7.68,1.41,9.75,4.88,,0.14,-100
01-May-2016,12.09,7.65,1.41,9.74,4.9,,0.16,-100
01-Jun-2016,12.38,7.62,1.5,9.73,4.9,,0.18,-100
01-Jul-2016,12.3,7.61,1.49,9.78,4.89,,0.2,-100
01-Aug-2016,12.06,7.64,1.45,9.83,4.89,,0.2,-100
01-Sep-2016,12.11,7.72,1.5,9.84,4.9,,0.2,-100
01-Oct-2016,11.96,7.77,1.47,9.84,4.92,,0.22,-100
01-Nov-2016,11.51,7.8,1.33,9.84,4.94,,0.22,-100
01-Dec-2016,10.63,7.84,1.08,9.86,4.94,,0.24,-100
01-Jan-2017,10.99,7.88,1.2,9.87,4.95,,0.28,-100
01-Feb-2017,10.96,7.9,1.22,9.88,4.96,,0.32,-100
01-Mar-2017,10.8,7.88,1.18,9.91,4.96,,0.34,-100
01-Apr-2017,11.24,7.86,1.34,9.95,4.98,,0.4,-100
01-May-2017,11.27,7.86,1.37,9.98,4.98,,0.5,-100
01-Jun-2017,11.1,7.87,1.34,10.01,5,,0.56,-100
01-Jul-2017,11.11,7.87,1.37,10.04,5.02,,0.62,-100
01-Aug-2017,11.3,7.89,1.44,10.05,5.02,,0.72,-100
01-Sep-2017,11.15,7.89,1.41,10.07,5.02,,0.84,-100
01-Oct-2017,10.92,7.9,1.35,10.09,5.04,,0.92,-100
01-Nov-2017,10.76,7.91,1.32,10.13,5.05,,0.96,-100
01-Dec-2017,9.76,7.93,1.04,10.16,5.05,,1.02,-100
01-Jan-2018,9.82,7.93,1.08,10.21,5.07,,1.1,-100
01-Feb-2018,9.57,7.95,1.02,10.24,5.08,,1.14,-100
01-Mar-2018,9.79,7.96,1.11,10.26,5.08,,1.2,-100
01-Apr-2018,10.07,7.97,1.2,10.27,5.07,,1.3,-100
01-May-2018,10.17,7.95,1.24,10.27,5.08,,1.42,-100
01-Jun-2018,10.18,7.91,1.23,10.27,5.08,,1.52,-100
01-Jul-2018,10.16,7.88,1.2,10.25,5.08,,1.63,-100
01-Aug-2018,10.16,7.84,1.2,10.27,5.08,,1.73,-100
01-Sep-2018,9.93,7.82,1.13,10.29,5.06,,1.79,-100
01-Oct-2018,10.02,7.82,1.15,10.28,5.06,,1.89,-100
01-Nov-2018,10.45,7.81,1.28,10.27,5.08,,1.97,-100
01-Dec-2018,10.8,7.78,1.29,10.21,5.07,,2.07,-100
01-Jan-2019,11.49,7.72,1.5,10.18,4.95,,2.17,-100
01-Feb-2019,11.2,7.66,1.37,10.14,4.94,,2.21,-100
01-Mar-2019,11.52,7.62,1.44,10.11,4.93,,2.29,-100
01-Apr-2019,11.49,7.57,1.42,10.13,4.92,,2.33,-100
01-May-2019,11.85,7.55,1.53,10.12,4.9,,2.39,-100
01-Jun-2019,12.14,7.55,1.65,10.18,4.88,,2.37,-100
01-Jul-2019,11.82,7.56,1.55,10.2,4.86,,2.33,-100
01-Aug-2019,12.19,7.59,1.77,10.19,4.87,,2.29,-100
01-Sep-2019,11.99,7.58,1.7,10.18,4.89,,2.27,-100
